:040000000EEF00F00F
:04000800B1EF33F031
:100018008FEF54F0B3EF45F0D0EC3CF012C0E6F1AE
:1000280013C0E7F114C0E8F115C0E9F10101EC6B68
:10003800ED6B00EC52F0EAC0CFF1EBC0D0F1ECC0B0
:10004800D1F1EDC0D2F1EEEC51F0EAC0D3F1EBC042
:10005800D4F1ECC0D5F1EDC0D6F1B0EC53F017C037
:10006800D7F118C0D8F1000E0001756F000E766F39
:10007800200E776F410E786FCFC171F0D0C172F04A
:10008800D1C173F0D2C174F0C1EC08F071C08AF02C
:1000980072C08BF073C08CF074C08DF07BEC29F0CB
:1000A8008AC0D9F18BC0DAF1000E0001756F000E1D
:1000B800766F200E776F410E786FD3C171F0D4C17F
:1000C80072F0D5C173F0D6C174F0C1EC08F071C0FC
:1000D8008AF072C08BF073C08CF074C08DF07BEC2A
:1000E80029F08AC0DBF18BC0DCF10101E26BE36B24
:1000F800E46BE56B7FEC54F00101DD6F73EC54F0B9
:100108000101DE6F70EC54F00101DF6F88EC54F0F0
:100118000101E06F76EC54F0E806D8A496EF00F001
:1001280098EF00F09AEF00F00101EC817CEC54F0BC
:100138000009D8B4A2EF00F0A4EF00F0A6EF00F099
:100148000101EC830101E651D8B4ADEF00F0AFEF47
:1001580000F0B0EF00F0EC85E751D8B4B6EF00F04E
:10016800B8EF00F0B9EF00F0EC87000E7DEC2DF051
:100178000009D8B4C2EF00F0C4EF00F0C6EF00F0F9
:100188000101EC89030E7DEC2DF00009D8B4CFEF06
:1001980000F0D1EF00F0D3EF00F00101ED81040E83
:1001A8007DEC2DF00009D8B4DCEF00F0DEEF00F0B4
:1001B800E0EF00F00101ED83050E7DEC2DF0000964
:1001C800D8B4E9EF00F0EBEF00F0EDEF00F001013B
:1001D800ED85060E7DEC2DF00009D8B4F6EF00F0A1
:1001E800F8EF00F0FAEF00F00101ED87010E7DEC69
:1001F8002DF00009D8B403EF01F005EF01F007EF87
:1002080001F00101ED89020E7DEC2DF00009D8B452
:1002180010EF01F012EF01F014EF01F00101ED8B86
:1002280028EC53F00009D8B41CEF01F01EEF01F0E0
:1002380020EF01F00101ED8D0101F16B030EF16575
:1002480028EF01F02AEF01F02CEF01F061EF01F047
:10025800EB6B000EEA6FEA0E126E010E136EF1518F
:10026800DEEC49F00009D8B43CEF01F03EEF01F0B4
:100278004FEF01F0F1C1EEF0010E0001EF6FEE2B30
:1002880048EF01F0D890EF37EE2F46EF01F000016C
:10029800EF510101E2130101F151020DC70EF324E0
:1002A800D96E010EF420DA6E6000ABF7DEFF600055
:1002B800AFF7DDFFF12B22EF01F0F16B030EF165D3
:1002C80068EF01F06AEF01F06CEF01F04DEF02F01A
:1002D800F15167EC4FF012C0EFF113C0F0F10101DA
:1002E800F151020D6F00CCFFEEF16000BFF7D9FFAE
:1002F8006000C3F7DAFFDF50D8B485EF01F087EF6D
:1003080001F098EF01F0F1C1EEF0010E0001EF6F7E
:10031800EE2B91EF01F0D890EF37EE2F8FEF01F031
:100328000001EF510101E31320EE01F0EF51D9264E
:10033800F051DA22DF50D8B4A4EF01F0A6EF01F0B3
:10034800B7EF01F0EEC1EEF0010E0001EF6FEE2BFA
:10035800B0EF01F0D890EF37EE2FAEEF01F00001CB
:10036800EF510101E41320EE02F0EF51D926F051CC
:10037800DA22DF50D8B4C3EF01F0C5EF01F0D8EFAF
:1003880001F0EEC1EEF0010E0001EE27010EEF6F55
:10039800EE2BD1EF01F0D890EF37EE2FCFEF01F031
:1003A8000001EF510101E41320EE03F0EF51D926CB
:1003B800F051DA22DF50D8B4E4EF01F0E6EF01F0B3
:1003C800F7EF01F0EEC1EEF0010E0001EF6FEE2B3A
:1003D800F0EF01F0D890EF37EE2FEEEF01F00001CB
:1003E800EF510101E51320EE04F0EF51D926F05149
:1003F800DA22DF50D8B403EF02F005EF02F018EF6D
:1004080002F0EEC1EEF0010E0001EE27010EEF6FD3
:10041800EE2B11EF02F0D890EF37EE2F0FEF02F02E
:100428000001EF510101E51320EE05F0EF51D92647
:10043800F051DA22EE51020DB70EF324E16E010EEF
:10044800F420E26E6F007BFFE6FF6F0077FFE5FFA9
:1004580020EE07F0EF51D926F051DA22EE510001D3
:10046800EE6FEF6BD890EE37EF37020EEE27000EE7
:10047800EF23B70EEE25E16E010EEF21E26E6F005D
:100488007BFFE6FF6F0077FFE5FF0101F12B62EFCD
:1004980001F0F16B070EF16554EF02F056EF02F030
:1004A80058EF02F06AEF02F0F1511DEC51F0000133
:1004B800EE6FA30E0101F125D96EDA6A010EDA2278
:1004C8006000BBF3DFFFF12B4EEF02F0F16B050E7E
:1004D800F16571EF02F073EF02F075EF02F08AEF49
:1004E80002F0F1518CEC4DF00101F151020DAB0E0F
:1004F800F324D96E010EF420DA6E60004BF0DEFFB3
:1005080060004FF0DDFFF12B6BEF02F0D2BE8FEFF2
:1005180002F092EF02F0010E93EF02F0000EE16F8D
:10052800D29EECC100F2EDC101F2D9C102F2DAC1EA
:1005380003F2DBC104F2DCC105F2D7C106F2D8C16F
:1005480007F2E2C108F2E3C111F2E4C112F2E5C117
:1005580013F2DDC124F2DEC125F2DFC126F2E0C1CB
:100568002FF2F16B030EF165BCEF02F0BEEF02F063
:10057800C0EF02F0D9EF02F0F151020DC70EF324DB
:10058800D96E010EF420DA6EF151020D090EF32432
:10059800E16E020EF420E26E6F007BFFE6FF6F0053
:1005A80077FFE5FFF12BB6EF02F0F16B070EF1656F
:1005B800E0EF02F0E2EF02F0E4EF02F0FDEF02F00C
:1005C800F151020DB70EF324D96E010EF420DA6E44
:1005D800F151020D140EF324E16E020EF420E26EC6
:1005E8006F007BFFE6FF6F0077FFE5FFF12BDAEF87
:1005F80002F0F16B070EF16504EF03F006EF03F06C
:1006080008EF03F01AEF03F0A30EF125D96EDA6AAA
:10061800010EDA22270EF125E16EE26A020EE222CD
:100628006F007FFFE7FFF12BFEEF02F0F16B050E85
:10063800F16521EF03F023EF03F025EF03F03EEF20
:1006480003F0F151020DAB0EF324D96E010EF42024
:10065800DA6EF151020D300EF324E16E020EF42031
:10066800E26E6F007BFFE6FF6F0077FFE5FFF12B7F
:100678001BEF03F0E151D8A444EF03F049EF03F076
:100688000001EE6BEE2B4BEF03F00001EE6BEE3347
:10069800EE33D250EE197F0BEE19D26E120013C151
:1006A800CAF014C1CBF015C1CCF016C1CDF08AC088
:1006B800CAF08BC0CBF08CC0CCF08DC0CDF000015F
:1006C800B16B000EB06FCD5109E1800ECC5DD8A0A2
:1006D80070EF03F072EF03F079EF03F0CDAF77EF2F
:1006E80003F079EF03F0D5EF03F0D890CA358E6F99
:1006F800CB358F6FCC35906FCD35916F8E518F1173
:1007080090119111D8A48BEF03F08DEF03F09FEFB8
:1007180003F0000ECA6F000ECB6F800ECC6FFF0E79
:10072800CD6FCAC08AF0CBC08BF0CCC08CF0CDC0E6
:100738008DF065EF06F0CDAFA4EF03F0A6EF03F060
:10074800B5EF03F00101506B210E4F6FFF0E000152
:10075800CA6FFF0ECB6FFF0ECC6F7F0ECD6F95EF7C
:1007680003F0E70EB027FF0EB123CAC071F0CBC06B
:1007780072F0CCC073F0CDC074F0000E756F000E2F
:10078800766F000E776F4C0E786FC1EC08F071C071
:10079800CAF072C0CBF073C0CCF074C0CDF002EFD9
:1007A80004F0800ECC5D7F0ECD59D8A0DEEF03F0AB
:1007B800E0EF03F0EAEF03F08AC08AF08BC08BF019
:1007C8008CC08CF08DC08DF065EF06F0800ECC19D2
:1007D80009E13F0ECD19CA11CB11D8A4F6EF03F0E9
:1007E800F8EF03F002EF04F0000E8A6F000E8B6F33
:1007F800000E8C6F000E8D6F65EF06F00D0E000178
:10080800CA27FB0ECB234A0ECC23000ECD23CAC029
:100818008EF0CBC08FF0CCC090F0CDC091F0180E08
:100828001BEF04F0D890913390338F338E33E82E3A
:1008380016EF04F0810E8E25926FFF0E8F21936FB5
:100848009251B0279351B123FF0ECA158E6FFF0E38
:10085800CB158F6F7F0ECC15906F000ECD15916F55
:10086800F30E8E25CA6F040E8F21CB6F350E9021A3
:10087800CC6F3F0E9121CD6FCAC030F0CBC031F0A4
:10088800CCC032F0CDC033F0000E346E000E356EA1
:10089800800E366E3F0E376E2EEC4BF030C0CAF02D
:1008A80031C0CBF032C0CCF033C0CDF0CAC038F084
:1008B800CBC039F0CCC03AF0CDC03BF0000E246E6E
:1008C800000E256E000E266E400E276ECAC020F060
:1008D800CBC021F0CCC022F0CDC023F066EC06F0EE
:1008E80020C03CF021C03DF022C03EF023C03FF0C4
:1008F80004EC0DF038C0BAF039C0BBF03AC0BCF017
:100908003BC0BDF0BAC071F0BBC072F0BCC073F0A0
:10091800BDC074F0BAC075F0BBC076F0BCC077F04B
:10092800BDC078F0C1EC08F071C0BEF072C0BFF075
:1009380073C0C0F074C0C1F0BEC071F0BFC072F027
:10094800C0C073F0C1C074F0BEC075F0BFC076F00F
:10095800C0C077F0C1C078F0C1EC08F071C0C2F037
:1009680072C0C3F073C0C4F074C0C5F0130E246E17
:10097800CE0E256ECC0E266E3E0E276E260E00017C
:10098800756F9E0E766F780E776F3E0E786FC2C0C9
:1009980071F0C3C072F0C4C073F0C5C074F0C1EC8C
:1009A80008F071C020F072C021F073C022F074C04A
:1009B80023F066EC06F020C0C6F021C0C7F022C0C4
:1009C800C8F023C0C9F0C6C071F0C7C072F0C8C073
:1009D80073F0C9C074F0C2C075F0C3C076F0C4C06B
:1009E80077F0C5C078F0C1EC08F071C098F072C01B
:1009F80099F073C09AF074C09BF0AA0E246EAA0EE8
:100A0800256E2A0E266E3F0E276EEE0E0001756FBC
:100A1800E90E766F910E776F3E0E786FC2C071F057
:100A2800C3C072F0C4C073F0C5C074F0C1EC08F064
:100A380071C020F072C021F073C022F074C023F09E
:100A480066EC06F020C0C6F021C0C7F022C0C8F08E
:100A580023C0C9F0C6C071F0C7C072F0C8C073F037
:100A6800C9C074F0BEC075F0BFC076F0C0C077F0E2
:100A7800C1C078F0C1EC08F071C09CF072C09DF064
:100A880073C09EF074C09FF09CC020F09DC021F000
:100A98009EC022F09FC023F098C024F099C025F092
:100AA8009AC026F09BC027F066EC06F020C094F0B0
:100AB80021C095F022C096F023C097F0000E0001E7
:100AC800756F000E766F000E776F3F0E786FCAC095
:100AD80071F0CBC072F0CCC073F0CDC074F0C1EC33
:100AE80008F071C0C6F072C0C7F073C0C8F074C017
:100AF800C9F0C6C071F0C7C072F0C8C073F0C9C0F1
:100B080074F0CAC075F0CBC076F0CCC077F0CDC019
:100B180078F0C1EC08F071C0B2F072C0B3F073C0E5
:100B2800B4F074C0B5F0B0C012F0B1C013F0000E4C
:100B380013BEFF0E146E156E010E45EC1CF012C0AC
:100B4800B6F013C0B7F014C0B8F015C0B9F0BAC009
:100B580075F0BBC076F0BCC077F0BDC078F094C02B
:100B680024F095C025F096C026F097C027F0B2C0B3
:100B780020F0B3C021F0B4C022F0B5C023F066EC79
:100B880006F020C071F021C072F022C073F023C0BB
:100B980074F0C1EC08F071C0A0F072C0A1F073C08D
:100BA800A2F074C0A3F0D10E0001756FF70E766F36
:100BB800170E776F370E786FB6C071F0B7C072F046
:100BC800B8C073F0B9C074F0C1EC08F071C024F07B
:100BD80072C025F073C026F074C027F0A0C020F0C2
:100BE800A1C021F0A2C022F0A3C023F066EC06F059
:100BF80020C0A4F021C0A5F022C0A6F023C0A7F011
:100C0800B2C034F0B3C035F0B4C036F0B5C037F078
:100C1800A4C030F0A5C031F0A6C032F0A7C033F0B0
:100C28002EEC4BF030C0A8F031C0A9F032C0AAF0C9
:100C380033C0ABF0CAC024F0CBC025F0CCC026F03E
:100C4800CDC027F0A8C020F0A9C021F0AAC022F08A
:100C5800ABC023F066EC06F020C0ACF021C0ADF0CC
:100C680022C0AEF023C0AFF0ACC020F0ADC021F080
:100C7800AEC022F0AFC023F0800E0001756F710E78
:100C8800766F310E776F3F0E786FB6C071F0B7C0D0
:100C980072F0B8C073F0B9C074F0C1EC08F071C05C
:100CA80024F072C025F073C026F074C027F066ECFB
:100CB80006F020C08AF021C08BF022C08CF023C03F
:100CC8008DF012002350800B2C6E235023242E6E9F
:100CD80022AE71EF06F073EF06F074EF06F02E8087
:100CE8002E50D8B47AEF06F07CEF06F090EF06F0BD
:100CF8002E28D8A482EF06F084EF06F08CEF06F0D9
:100D0800000E206E000E216E000E226E000E236E65
:100D1800228E236A98EF06F0000E206E000E216ED8
:100D2800000E226E000E236E2750800B2D6E2C5065
:100D38002D18D8B4A2EF06F0A4EF06F0A5EF06F040
:100D48002C8C275027242D6E26AEADEF06F0AFEF82
:100D580006F0B0EF06F02D802D50D8B4B6EF06F0AF
:100D6800B8EF06F0CCEF06F02D28D8A4BEEF06F0B9
:100D7800C0EF06F0C8EF06F0000E246E000E256ED8
:100D8800000E266E000E276E268E276AD4EF06F018
:100D9800000E246E000E256E000E266E000E276EC5
:100DA8002E502D5CD8B0DBEF06F0DDEF06F004EF37
:100DB80007F02CACE2EF06F0E4EF06F0E6EF06F001
:100DC800800E2C1A2EC02FF02DC02EF02FC02DF023
:100DD80020C02FF024C020F02FC024F021C02FF015
:100DE80025C021F02FC025F022C02FF026C022F008
:100DF8002FC026F023C02FF027C023F02FC027F0E4
:100E08002F6A2E502DC028F0296A285E000E295A14
:100E180029BE18EF07F0295009E11A0E285CD8A05E
:100E280018EF07F01AEF07F051EF07F020502110E4
:100E380022102310D8A423EF07F026EF07F0010EA5
:100E480027EF07F0000E2F6E000E206E000E216EA9
:100E5800000E226E000E236E2DC02EF05AEF07F002
:100E68002FA039EF07F03BEF07F041EF07F0D890DC
:100E78002F3001092F6E43EF07F0D8902F3220A0B2
:100E880048EF07F04AEF07F04BEF07F02F8E2334B7
:100E980023322232213220322E2A2D502E5CD8A025
:100EA80058EF07F05AEF07F034EF07F02CBC5FEF6C
:100EB80007F061EF07F0A1EF07F02E50D8A467EF15
:100EC80007F069EF07F073EF07F0000E206E000ED1
:100ED800216E000E226E000E236EC0EF08F0245023
:100EE800202625502122265022222750232223A0C3
:100EF80080EF07F082EF07F02EEF08F02FA087EFC2
:100F080007F089EF07F08FEF07F0D8902F3001092D
:100F18002F6E91EF07F0D8902F3220A096EF07F0B0
:100F280098EF07F099EF07F02F8E233423322232FF
:100F3800213220322E2A2EEF08F02450205C255032
:100F48002158265022582350800A286E2750800A9C
:100F58002858D8B0B2EF07F0B4EF07F0DFEF07F08A
:100F68002050245C286E21502558296E225026587E
:100F78002A6E235027582B6EFF0E2824206EFF0E52
:100F88002920216EFF0E2A20226EFF0E2B20236EB1
:100F9800800E2C1A2F6C2F50D8A4D5EF07F0D7EF5E
:100FA80007F0E7EF07F0010E2026000E212222228B
:100FB8002322E7EF07F02450205E2550215A2650BF
:100FC800225A2750235A2050211022102310D8A427
:100FD800F0EF07F0F2EF07F027EF08F02F50D8A452
:100FE800F8EF07F0FAEF07F027EF08F0000E206E91
:100FF800000E216E000E226E000E236EC0EF08F068
:10100800D89020362136223623362FAE0EEF08F040
:1010180010EF08F011EF08F020802FA016EF08F06D
:1010280018EF08F01CEF08F0D8802F361EEF08F0F4
:10103800D8902F362E50D8B424EF08F026EF08F0B9
:1010480027EF08F02E0622AE2CEF08F02EEF08F05E
:1010580004EF08F02D6A2FAE34EF08F036EF08F0F1
:101068004EEF08F02FC028F07F0E2816D8B43FEFB7
:1010780008F041EF08F045EF08F0010E2D6E4EEF35
:1010880008F020A04AEF08F04CEF08F04EEF08F007
:1010980041EF08F02D50D8B454EF08F056EF08F09F
:1010A80081EF08F0010E2026000E212222222322A1
:1010B80023A061EF08F063EF08F081EF08F020C08B
:1010C80028F021C029F022C02AF023C02BF02B34AD
:1010D8002B322A322932283228C020F029C021F0A8
:1010E8002AC022F02BC023F02E28D8B47EEF08F0B7
:1010F80080EF08F081EF08F02E2A2E28D8B487EF69
:1011080008F089EF08F091EF08F02E50D8A48FEF7F
:1011180008F091EF08F0A2EF08F0000E206E000E24
:10112800216E000E226E000E236E2E50D8A49FEF63
:1011380008F0A1EF08F0A2EF08F02C6A2EA0A7EFA4
:1011480008F0A9EF08F0ACEF08F0228EADEF08F038
:10115800229ED8902E30236E2CAEB5EF08F0B7EF54
:1011680008F0B8EF08F0238E20C020F021C021F04D
:1011780022C022F023C023F0120000017451800B1A
:101188007D6F74517425836F73AFCDEF08F0CFEF87
:1011980008F0D0EF08F083818351D8B4D6EF08F077
:1011A800D8EF08F0EBEF08F08329D8A4DEEF08F0B9
:1011B800E0EF08F0E8EF08F0000E716F000E726FB4
:1011C800000E736F000E746F738FF3EF08F0000E4C
:1011D800716F000E726F000E736F000E746F78518E
:1011E800800B7D1B785178257E6F77AFFEEF08F076
:1011F80000EF09F001EF09F07E817E51D8B407EFC6
:1012080009F009EF09F01CEF09F07E29D8A40FEFC7
:1012180009F011EF09F019EF09F0000E756F000ED3
:10122800766F000E776F000E786F778F24EF09F0D6
:10123800000E756F000E766F000E776F000E786FD8
:101248007E51D8B42AEF09F02CEF09F034EF09F0F9
:101258008351D8A432EF09F034EF09F03EEF09F0DA
:10126800000E716F000E726F000E736F000E746FB8
:10127800E6EF0AF0775171036F00CCFF88F06F003A
:10128800D0FF89F088517F6F806B816B826B8951A9
:10129800846F856B866B876B765172036F00CCFF0A
:1012A80088F06F00D0FF89F088517F27000E8023D7
:1012B8008123822389518427000E8523862387234F
:1012C800755173036F00CCFF88F06F00D0FF89F071
:1012D80088517F27000E8023812382238951842708
:1012E800000E85238623872381C082F080C081F089
:1012F8007FC080F07F6B755172036F00CCFF88F060
:101308006F00D0FF89F088517F2789518023000E14
:101318008123000E8223765171036F00CCFF88F081
:101328006F00D0FF89F088517F2789518023000EF4
:101338008123000E822381C082F080C081F07FC0AB
:1013480080F07F6B755171036F00CCFF88F06F00E0
:10135800D0FF89F088517F2789518023000E81238F
:10136800000E8223775172036F00CCFF88F06F0064
:10137800D0FF89F08851842789518523000E862360
:10138800000E8723765173036F00CCFF88F06F003F
:10139800D0FF89F08851842789518523000E862340
:1013A800000E8723775173036F00CCFF88F06F001E
:1013B800D0FF89F08851796F89517A6F7B6B7C6B8C
:1013C8007BC07CF07AC07BF079C07AF0796B795178
:1013D80084277A5185237B5186237C5187237FC0BC
:1013E80079F080C07AF081C07BF082C07CF0190E61
:1013F80003EF0AF0D8907C337B337A337933E82EC5
:10140800FEEF09F0795184277A5185237B51862391
:101418007C51872381C082F080C081F07FC080F03A
:101428007F6B7E5183C079F07A6B7927000E7A231F
:10143800820E7925886FFF0E7A21896F39EF0AF0BD
:10144800D890843785378637873782AF2EEF0AF0F2
:1014580030EF0AF031EF0AF08481D8907F37803777
:10146800813782378807D8A0890786AF3EEF0AF010
:1014780040EF0AF024EF0AF07E6B82AF46EF0AF0E5
:1014880048EF0AF06CEF0AF0FF0E7F15796FFF0E38
:1014980080157A6FFF0E81157B6F7F0E82157C6F2A
:1014A80079517A117B117C11D8B45DEF0AF05FEFA6
:1014B8000AF063EF0AF0010E7E6F6CEF0AF084A168
:1014C80068EF0AF06AEF0AF06CEF0AF05FEF0AF0D3
:1014D8007E51D8B472EF0AF074EF0AF098EF0AF070
:1014E800010E8427000E85238623872387A17FEF9B
:1014F8000AF081EF0AF098EF0AF084C079F085C00D
:101508007AF086C07BF087C07CF07C357C337B33F7
:101518007A33793379C084F07AC085F07BC086F05D
:101528007CC087F0884B892B89BFA3EF0AF08951CB
:1015380008E18829D8A0A3EF0AF0A5EF0AF0AFEFD9
:101548000AF0000E846F000E856F800E866F7F0E86
:10155800876FDCEF0AF089BFBCEF0AF0895106E11A
:101568008805D8B0BAEF0AF0BCEF0AF0C7EF0AF066
:10157800000E846F000E856F000E866F000E876F59
:101588007D6BDCEF0AF088C083F0FF0E8417FF0E36
:1015980085177F0E8617000E871783A1D6EF0AF0EE
:1015A800D8EF0AF0D9EF0AF0868FD8908331876F89
:1015B8007D51871384C071F085C072F086C073F0C6
:1015C80087C074F0120000017F6F76EC54F00001C0
:1015D800776F7CEC54F00001786F79EC54F00001DF
:1015E800796F8AEC54F000017A6F8CEC3FF00001BF
:1015F8007B6F88EC54F00001756F8CEC54F000019F
:101608007E6F806B060E80650CEF0BF00EEF0BF013
:1016180010EF0BF063EF0BF08051030D990EF324DC
:10162800F66EED0EF420F76E0800F5507DEC2DF007
:1016380000017C6F0C0E8025D96EDA6A010EDA2261
:101648007C51DE18D8A42BEF0BF02EEF0BF0010E17
:101658002FEF0BF0000E716F0C0E8025D96EDA6A31
:10166800010EDA226000F3F1DFFF71C012F07F5142
:10167800D7EC4CF00009D8B444EF0BF046EF0BF070
:101688005FEF0BF000018051030D010EF326000EF1
:10169800F422990EF324F66EED0EF420F76E09008D
:1016A8006F00D4FF6AF00A006F00D4FF6BF07CC0B3
:1016B8006CF033EC4DF00001802B06EF0BF00101CC
:1016C800705100017B19D8A46CEF0BF06FEF0BF091
:1016D800010E70EF0BF0000E126E7F51D7EC4CF03C
:1016E8000009D8B47AEF0BF07CEF0BF08AEF0BF01F
:1016F8009F0E3B6EFF0E3C6E00017B5149EC45F09E
:1017080014C03DF015C03EF051EC4DF07BC070F1B7
:101718000101755100017719D8A495EF0BF098EFE6
:101728000BF0010E99EF0BF0000E126E7F51D7EC03
:101738004CF00009D8B4A3EF0BF0A5EF0BF0B3EF12
:101748000BF0F20E3B6EFE0E3C6E000177517FEC03
:101758004FF012C03DF013C03EF051EC4DF077C091
:1017680075F10101745100017819D8A4BEEF0BF08E
:10177800C1EF0BF0010EC2EF0BF0000E126E7F519D
:10178800D7EC4CF00009D8B4CCEF0BF0CEEF0BF04F
:10179800DCEF0BF0ED0E3B6EFE0E3C6E0001785157
:1017A8007EEC45F012C03DF013C03EF051EC4DF018
:1017B80078C074F10101735100017919D8A4E7EFD9
:1017C8000BF0EAEF0BF0010EEBEF0BF0000E126ED0
:1017D8007F51D7EC4CF00009D8B4F5EF0BF0F7EFD8
:1017E8000BF000EF0CF09B0E00016A6FFF0E6B6FA1
:1017F80079C06CF033EC4DF079C073F10001806B67
:10180800040E80650AEF0CF00CEF0CF00EEF0CF0F4
:101818007CEF0CF080C06FF0010E706F6F2B17EF2C
:101828000CF0D89070376F2F15EF0CF00001705145
:10183800766F755176150009D8A425EF0CF028EFBE
:101848000CF0010E29EF0CF0000E7D6F01017251B2
:10185800000176150009D8A434EF0CF037EF0CF02E
:10186800010E38EF0CF0000E7D19D8A43EEF0CF0F5
:1018780041EF0CF0010E42EF0CF0000E726F736B2B
:101888007F51D8B44AEF0CF04CEF0CF056EF0CF047
:101898007D51D8B452EF0CF054EF0CF056EF0CF029
:1018A800010E736F72C012F07351D8A45EEF0CF082
:1018B80061EF0CF0010E62EF0CF0000ED7EC4CF06B
:1018C8000009D8B46AEF0CF06CEF0CF078EF0CF06C
:1018D800000180515AEC4CF012C06AF013C06BF052
:1018E8007DC06CF033EC4DF00001802B04EF0CF060
:1018F80075C072F10101715100017A19D8A487EFFE
:101908000CF08AEF0CF0010E8BEF0CF0000E126E4B
:101918007F51D7EC4CF00009D8B495EF0CF097EF55
:101928000CF0A5EF0CF0970E3B6EFF0E3C6E00011D
:101938007A511AEC39F012C03DF013C03EF051EC68
:101948004DF07AC071F10001746B7F51D8B4AFEFDC
:101958000CF0B1EF0CF0BBEF0CF07E51D8B4B7EF40
:101968000CF0B9EF0CF0BBEF0CF0010E746F010135
:101978006F5100017E19D8A4C4EF0CF0C7EF0CF02A
:10198800010EC8EF0CF0000E126E7451D8A4CFEF00
:101998000CF0D2EF0CF0010ED3EF0CF0000ED7ECE8
:1019A8004CF00009D8B4DBEF0CF0DDEF0CF0E5EFFC
:1019B8000CF0410E3B6EFD0E3C6E7EC03DF0A9EC76
:1019C8004DF07EC06FF1000E126E00017F51D7EC12
:1019D8004CF00009D8B4F3EF0CF0F5EF0CF003EF7E
:1019E8000DF0A30E3B6EFF0E3C6E7FEC54F018EC2E
:1019F80034F012C03DF013C03EF051EC4DF012002F
:101A08003B50800B0001686F3B503B246F6F3AAE30
:101A180010EF0DF012EF0DF013EF0DF06F816F5115
:101A2800D8B419EF0DF01BEF0DF02FEF0DF06F2963
:101A3800D8A421EF0DF023EF0DF02BEF0DF0000EE1
:101A4800386E000E396E000E3A6E000E3B6E3A8EFE
:101A58003B6A37EF0DF0000E386E000E396E000E3F
:101A68003A6E000E3B6E3F50800B681B3F503F2480
:101A7800706F3EAE42EF0DF044EF0DF045EF0DF004
:101A880070817051D8B44BEF0DF04DEF0DF061EF50
:101A98000DF07029D8A453EF0DF055EF0DF05DEF60
:101AA8000DF0000E3C6E000E3D6E000E3E6E000EF8
:101AB8003F6E3E8E3F6A69EF0DF0000E3C6E000EE1
:101AC8003D6E000E3E6E000E3F6E3C503D103E10C7
:101AD8003F10D8A472EF0DF074EF0DF08CEF0DF0FD
:101AE800000E386E000E396E000E3A6E000E3B6E18
:101AF800800E3A127F0E3B1268513B1238C038F004
:101B080039C039F03AC03AF03BC03BF0CBEF0EF0A9
:101B18006F51D8A492EF0DF094EF0DF09EEF0DF0F9
:101B2800000E386E000E396E000E3A6E000E3B6ED7
:101B3800CBEF0EF070516FC060F0616B605F000E0C
:101B4800615B7F0E6025696F000E61216A6F38C086
:101B580064F039C065F03AC066F03BC067F0000E2B
:101B6800386E000E396E000E3A6E000E3B6E000E97
:101B78006B6F000E6C6F000E6D6F000E6E6F706BEA
:101B8800FEEF0DF07051D8B4CCEF0DF0CEEF0DF0A4
:101B9800E5EF0DF0D8906437653766376737D8902A
:101BA800383639363A363B366EAFDDEF0DF0DFEFBB
:101BB8000DF0E0EF0DF03880D8906B376C376D374B
:101BC8006E373C50645D3D5065593E5066593F50F4
:101BD8006759D8A0F2EF0DF0F4EF0DF0FDEF0DF01E
:101BE8006E8D3C50645F3D50655B3E50665B3F5078
:101BF800675B702B190E706504EF0EF006EF0EF0A0
:101C0800C6EF0DF06451651166116711D8B40FEF76
:101C18000EF011EF0EF029EF0EF06B8129EF0EF0A8
:101C2800D890383639363A363B366EAF1EEF0EF05E
:101C380020EF0EF021EF0EF03880D8906B376C371C
:101C48006D376E376907D8A06A073AAE2EEF0EF0E7
:101C580030EF0EF014EF0EF0706B6EAF36EF0EF043
:101C680038EF0EF05CEF0EF0FF0E6B15606FFF0E95
:101C78006C15616FFF0E6D15626F7F0E6E15636FC9
:101C88006051611162116311D8B44DEF0EF04FEF3E
:101C98000EF053EF0EF0010E706F5CEF0EF038A0EF
:101CA80058EF0EF05AEF0EF05CEF0EF04FEF0EF01B
:101CB8007051D8B462EF0EF064EF0EF088EF0EF0BA
:101CC800010E3826000E39223A223B223BA06FEF44
:101CD8000EF071EF0EF088EF0EF038C060F039C0EA
:101CE80061F03AC062F03BC063F06335633362333E
:101CF8006133603360C038F061C039F062C03AF0D7
:101D080063C03BF0694B6A2B6ABF93EF0EF06A51D0
:101D180008E16929D8A093EF0EF095EF0EF0A0EF37
:101D28000EF0000E6A6F6969000E386E000E396E8B
:101D3800000E3A6E000E3B6E6ABFADEF0EF06A51B0
:101D480006E16905D8B0ABEF0EF0ADEF0EF0B9EFD4
:101D58000EF06A6B000E696F000E386E000E396E59
:101D6800000E3A6E000E3B6E686B69C06FF06FA193
:101D7800C0EF0EF0C2EF0EF0C5EF0EF03A8EC6EFD0
:101D88000EF03A9ED8906F313B6E80EF0DF0120046
:101D9800010E7AEC4AF0710E266E1FEC1DF0000958
:101DA800D8A4D9EF0EF0DBEF0EF0E6EF0EF00D0E33
:101DB8001F6EFA0E206EF6EC4CF0000E7AEC4AF02C
:101DC8007FEF10F02E0E1F6EFE0E206EF6EC4CF01C
:101DD80000017F51D8A4F3EF0EF0F5EF0EF0FBEF02
:101DE8000EF0C20E606FF90E616FFFEF0EF0700E0D
:101DF800606FFC0E616F60C01FF061C020F0F6ECF0
:101E08004CF0BE0E1F6EFD0E206EF6EC4CF000017D
:101E18008051D8A412EF0FF014EF0FF01AEF0FF063
:101E2800AF0E626FFF0E636F1EEF0FF0E70E626F6B
:101E3800FF0E636F62C01FF063C020F0F6EC4CF039
:101E48003A0E1F6EFE0E206EF6EC4CF0000181512A
:101E5800D8A431EF0FF033EF0FF039EF0FF0AF0EDA
:101E6800646FFF0E656F3DEF0FF0E70E646FFF0EB6
:101E7800656F64C01FF065C020F0F6EC4CF0030EEF
:101E88001F6EFD0E206EF6EC4CF0000182511AEC2C
:101E98004EF0CD0E1F6EFC0E206EF6EC4CF08AEC68
:101EA80054F01AEC39F012C01FF013C020F0F6EC11
:101EB8004CF0FA0E1F6EFC0E206EF6EC4CF0F1ECB6
:101EC80053F012C01FF013C020F010EC3AF0200EAF
:101ED8001F6EFC0E206EF6EC4CF00001706B70511A
:101EE800D8B479EF0FF07BEF0FF07EEF0FF0200EF4
:101EF800F0EC52F000017051710FD96EDA6ADF50C0
:101F08001AEC4EF00001702B0D0E70658EEF0FF07D
:101F180090EF0FF073EF0FF07F51D8A496EF0FF00A
:101F280098EF0FF09EEF0FF0810E1F6EF80E206EE7
:101F3800F6EC4CF0A70E1F6EFA0E206EF6EC4CF085
:101F4800000183B1AAEF0FF0ACEF0FF0B1EF0FF083
:101F5800676B300E666FB4EF0FF0676B310E666F0C
:101F68006651F0EC52F0E80E1F6EFD0E206EF6EC96
:101F78004CF0000183B3C3EF0FF0C5EF0FF0CAEFC9
:101F88000FF0696B300E686FCDEF0FF0696B310E93
:101F9800686F6851F0EC52F0700E1F6EFE0E206EE6
:101FA800F6EC4CF0000183B9DCEF0FF0DEEF0FF038
:101FB800E3EF0FF06B6B300E6A6FE6EF0FF06B6BB1
:101FC800310E6A6F6A51F0EC52F07C0E1F6EFE0EF5
:101FD800206EF6EC4CF0000183BBF5EF0FF0F7EF45
:101FE8000FF0FCEF0FF06D6B300E6C6FFFEF0FF022
:101FF8006D6B310E6C6F6C51F0EC52F00001706B30
:102008007051D8A40AEF10F00CEF10F014EF10F094
:10201800160E1F6EFC0E206EF6EC4CF028EF10F03A
:10202800030E7019D8A41BEF10F01DEF10F025EF68
:1020380010F00C0E1F6EFC0E206EF6EC4CF028EF24
:1020480010F0200EF0EC52F0000170513AEC4CF018
:1020580012C01FF013C020F0F6EC4CF03D0EF0EC6F
:1020680052F000017051020D6F00CCFF32F0130ED8
:1020780032263250710FD96EDA6A6F0078FF1FF07E
:102088006F0074FF20F099EC31F00001702B050E01
:10209800706551EF10F053EF10F004EF10F0690E77
:1020A8001F6EFB0E206EF6EC4CF0000190511AECFE
:1020B8004EF0F10E1F6EFC0E206EF6EC4CF0000197
:1020C80090B169EF10F06BEF10F070EF10F06F6BDC
:1020D800300E6E6F73EF10F06F6B310E6E6F6E51C6
:1020E800F0EC52F0940E1F6EFA0E206EF6EC4CF0E7
:1020F800000E7AEC4AF01200050E4818D8A487EFB3
:1021080010F089EF10F0A7EF10F001016C51D8B46E
:1021180090EF10F092EF10F0E5EF11F0136A000E57
:10212800126EAF0E146E66EC3DF00009D8B49FEF46
:1021380010F0A1EF10F0E5EF11F001016C6B5B4BB3
:102148005C2BE5EF11F0040E4818D8A4AEEF10F0A0
:10215800B0EF10F0B2EF10F0E5EF11F0030E4818F1
:10216800D8A4B9EF10F0BBEF10F069EF11F0DEEC76
:102178004FF00009D8B4C3EF10F0C5EF10F0C7EF67
:1021880010F0E5EF11F00001FA29D8B4CEEF10F005
:10219800D0EF10F0FDEF10F0FAC02CF02D6A4CECE7
:1021A80054F00009D8A4DBEF10F0DDEF10F0F4EFE5
:1021B80010F0920E0001FA25D96EDA6A020EDA22C0
:1021C8002CC012F02DC013F022EC50F0216EDE501E
:1021D8002118D8B4F2EF10F0F4EF10F0F8EF10F087
:1021E800040E486EE5EF11F00001FA69FDEF10F0FA
:1021F800472A0E0E476003EF11F005EF11F01AEFB2
:1022080011F0920E4724D96EDA6A020EDA2247C01C
:1022180012F0136A22EC50F0216EDE502118D8B467
:1022280018EF11F01AEF11F0FCEF10F00D0E4764E3
:1022380020EF11F022EF11F04CEF11F02E6A950EFD
:102248002E24D96EDA6A020EDA22A00E2E24E16E4E
:10225800E26A020EE2226F007FFFE7FF2E2A090ED4
:102268002E6439EF11F03BEF11F023EF11F0A2ECDF
:1022780047F012C027F113C028F114C029F115C086
:102288002AF1010E01016D6F010E486EE5EF11F0A4
:1022980047C012F0136A920E4724D96EDA6A020E0A
:1022A800DA22DF50146E66EC3DF00009D8B45FEF17
:1022B80011F061EF11F0E5EF11F047C0FAF0472A8D
:1022C80001015B4B5C2BE5EF11F0220E156E166ACF
:1022D80073EC2EF0220E126EA00E136E020E146E08
:1022E80051EC4BF00009D8B47CEF11F07EEF11F0FF
:1022F80095EF11F0020E4818D8A485EF11F087EF7A
:1023080011F0E5EF11F001016D51D8A48EEF11F035
:1023180091EF11F0010E92EF11F0000E486EE5EF0B
:1023280011F0020E4818D8B49CEF11F09EEF11F08E
:10233800ACEF11F0020E486EA2EC47F012C02BF180
:1023480013C02CF114C02DF115C02EF1E5EF11F0DA
:102358002BC11CF02CC11DF02DC11EF02EC11FF089
:1023680082EC52F01F501E100BE1100E1C5C270E61
:102378001D58D8A0C2EF11F0C4EF11F0E5EF11F02D
:1023880027C11CF028C11DF029C11EF02AC11FF069
:1023980082EC52F01F501E100BE1600E1C5CEA0E1E
:1023A8001D58D8A0DAEF11F0DCEF11F0E5EF11F0CD
:1023B800220E1D6EB5EC49F0476A0001FA69030E5A
:1023C800486E12000F6E200E0F64EDEF11F0EFEF64
:1023D80011F013EF12F0290E0F60F5EF11F0F7EF7F
:1023E80011F013EF12F00F50DF0F0C6ED8900C3075
:1023F800086E096AD89008360936090E0824D96E7D
:10240800020E0920DA6E6F0078FF01F06F0074FF8A
:1024180002F00CC003F0AFEC4FF042EF13F02B0EBC
:102428000F6419EF12F01BEF12F03FEF12F03C0EA1
:102438000F6021EF12F023EF12F03FEF12F00F5070
:10244800D40F0D6ED8900D30086E096AD8900836F2
:102458000936140E0824D96E020E0920DA6E6F00B0
:1024680078FF01F06F0074FF02F00DC003F0AFECCD
:102478004FF042EF13F0100E0F6445EF12F047EFE4
:1024880012F05EEF12F0150E0F604DEF12F04FEFE5
:1024980012F05EEF12F00F50086E096AD8900836F5
:1024A80009360E0E0824D96E020E0920DA6EDF50A6
:1024B80042EF13F0140E0F6464EF12F066EF12F09F
:1024C8008EEF12F0190E0F606CEF12F06EEF12F033
:1024D8008EEF12F00F50EB0F0E6ED8900E30086E84
:1024E800096AD89008360936380E0824D96E020EC3
:1024F8000920DA6E6F0078FF0AF06F0074FF0BF0A6
:102508000AC001F00BC002F00EC003F0AFEC4FF0B0
:1025180042EF13F0420E0F6494EF12F096EF12F0B0
:10252800F3EF12F04B0E0F609CEF12F09EEF12F0DB
:10253800F3EF12F0E40E0F24D96EDA6A010EDA22F4
:10254800DF5042EF13F00201005142EF13F0020195
:10255800015142EF13F00201035142EF13F002015F
:10256800025142EF13F00201055142EF13F002014C
:10257800045142EF13F00201075142EF13F0020138
:10258800065142EF13F0060E42EF13F0435042EFAC
:1025980013F0465042EF13F002012F5142EF13F0AF
:1025A8000201085142EF13F00201115142EF13F0FA
:1025B8000201125142EF13F00201135142EF13F0DE
:1025C8000201245142EF13F00201255142EF13F0AA
:1025D8000201265142EF13F0000E42EF13F00F50A4
:1025E800000AD8B4A7EF12F0010AD8B4ABEF12F082
:1025F800030AD8B4AFEF12F0010AD8B4B3EF12F05F
:10260800070AD8B4B7EF12F0010AD8B4BBEF12F03A
:10261800030AD8B4BFEF12F0010AD8B4C3EF12F01E
:102628000F0AD8B4C7EF12F0010AD8B4CAEF12F0F3
:10263800190AD8B4CDEF12F0300AD8B4D4EF12F09A
:10264800090AD8B4D8EF12F0030AD8B4DCEF12F0B4
:10265800010AD8B4E0EF12F06B0AD8B4E4EF12F034
:10266800010AD8B4E8EF12F0030AD8B4ECEF12F07C
:10267800220AD8B4D0EF12F0F0EF12F01200CEC058
:1026880012F0CFC013F0146A156A000E45EC1CF066
:1026980012C0E6F013C0E7F014C0E8F015C0E9F086
:1026A800000E246E000E256E000E266E000E276E9C
:1026B800E6C028F0E7C029F0E8C02AF0E9C02BF00E
:1026C80082EC2AF0D8A06BEF13F06DEF13F078EFDF
:1026D80013F0330E0001CE6F930ECF6F880ED06FBC
:1026E800C30ED16F8BEF14F0E6C024F0E7C025F0DD
:1026F800E8C026F0E9C027F0000E286EF00E296E1B
:102708007F0E2A6E450E2B6E82EC2AF0D8A08FEF32
:1027180013F091EF13F09CEF13F0330E0001CE6F1E
:10272800930ECF6F880ED06FC30ED16F8BEF14F05E
:10273800E6C034F0E7C035F0E8C036F0E9C037F05D
:10274800000E306EF00E316E7F0E326E450E336E17
:102758002EEC4BF030C03CF031C03DF032C03EF0C2
:1027680033C03FF0E6C038F0E7C039F0E8C03AF0CF
:10277800E9C03BF004EC0DF038C071F039C072F0DC
:102788003AC073F03BC074F0000E0001756FE00EA4
:10279800766FF60E776F460E786FC1EC08F071C051
:1027A800E2F072C0E3F073C0E4F074C0E5F0000E2C
:1027B800246E000E256E000E266E000E276EE2C0F7
:1027C80028F0E3C029F0E4C02AF0E5C02BF082EC41
:1027D8002AF0D8A0F2EF13F0F4EF13F0FFEF13F0A4
:1027E800330E0001CE6F930ECF6F880ED06FC30EDD
:1027F800D16F8BEF14F0000E3C6E400E3D6E1C0E38
:102808003E6E460E3F6EE2C038F0E3C039F0E4C0D9
:102818003AF0E5C03BF004EC0DF038C0DAF039C00E
:10282800DBF03AC0DCF03BC0DDF0DAC08AF0DBC098
:102838008BF0DCC08CF0DDC08DF053EC03F08AC067
:10284800DEF08BC0DFF08CC0E0F08DC0E1F0000E50
:102858003C6EB00E3D6E560E3E6E450E3F6EDEC0AF
:1028680038F0DFC039F0E0C03AF0E1C03BF004ECEA
:102878000DF038C020F039C021F03AC022F03BC03A
:1028880023F00F0E246ECF0E256E5B0E266E3B0EC8
:10289800276E66EC06F020C0D6F021C0D7F022C023
:1028A800D8F023C0D9F0000E386E000E396E800EB5
:1028B8003A6E3F0E3B6ED6C03CF0D7C03DF0D8C054
:1028C8003EF0D9C03FF004EC0DF038C0D2F039C06A
:1028D800D3F03AC0D4F03BC0D5F0D2C020F0D3C07A
:1028E80021F0D4C022F0D5C023F0330E246E930E0D
:1028F800256E880E266EC30E276E66EC06F020C085
:10290800CEF021C0CFF022C0D0F023C0D1F0120009
:102918005DEC1BF0366E3650D8B495EF14F097EF97
:1029280014F0A4EF14F0010E01017E6FA2EC47F041
:1029380012C043F113C044F114C045F115C046F16B
:10294800346A01017E51D8B4ACEF14F0AEEF14F044
:10295800C8EF14F043C11CF044C11DF045C11EF07E
:1029680046C11FF082EC52F01F501E1009E1F40E10
:102978001C5C010E1D58D8B0C4EF14F0C6EF14F05B
:10298800C8EF14F0010E346E34B002D0BB9601D0FB
:10299800BB86010E356E01017E51D8B4D6EF14F016
:1029A800D8EF14F0F1EF14F043C11CF044C11DF04E
:1029B80045C11EF046C11FF082EC52F01F501E1098
:1029C80009E1300E1C5C750E1D58D8B0EEEF14F0FE
:1029D800F0EF14F0F1EF14F0356A35B002D0BB9087
:1029E80001D0BB80B3EF15F03650D8B4FEEF14F029
:1029F80000EF15F03EEF15F0A2EC47F012C0F4F02E
:102A080013C0F5F014C0F6F015C0F7F0010E01017F
:102A1800816F7F51D8A413EF15F015EF15F021EF52
:102A280015F0010E7F6FF4C047F1F5C048F1F6C00C
:102A380049F1F7C04AF1CDEF15F047C11CF048C184
:102A48001DF049C11EF04AC11FF082EC52F01F5020
:102A58001E100BE1980E1C5C3A0E1D58D8A037EFDB
:102A680015F039EF15F0CDEF15F0010E0101806F6B
:102A7800CDEF15F0F4C01CF0F5C01DF0F6C01EF047
:102A8800F7C01FF082EC52F01CC030F01DC031F0CE
:102A98001EC032F01FC033F01AEC4CF02650305CE8
:102AA800275031582850325829503358D8A05FEF52
:102AB80015F061EF15F0CDEF15F0010E0101826FF1
:102AC800A2EC47F012C0F4F013C0F5F014C0F6F011
:102AD80015C0F7F00101816BCDEF15F0F4C01CF0C3
:102AE800F5C01DF0F6C01EF0F7C01FF082EC52F0E2
:102AF8001F501E100BE1300E1C5C750E1D58D8A01F
:102B080088EF15F08AEF15F0CDEF15F0FDEC52F0D7
:102B18000009D8B492EF15F094EF15F098EF15F07E
:102B280044EC52F0CDEF15F0020E0101826FA2ECD9
:102B380047F012C0F4F013C0F5F014C0F6F015C059
:102B4800F7F0CDEF15F0FDEC52F00009D8B4AFEF77
:102B580015F0B1EF15F0CDEF15F094EF15F0010178
:102B68008251306E316A3150000AD8B4BEEF15F088
:102B7800F8EF14F03050000AD8B4F8EF14F0010A56
:102B8800D8B472EF15F0030AD8B4A7EF15F0F8EF30
:102B980014F01200276E080E296E100E2A6E2B6A8A
:102BA8001F6A290E196E030E1A6E275082EC3EF02A
:102BB8000009D8B4E2EF15F0E4EF15F0E6EF15F0F0
:102BC800010E1F6E1F50D8A4ECEF15F0EFEF15F0B3
:102BD800010EF0EF15F0000E286E050E2A6E1DC0CE
:102BE8002BF0206A290E196E030E1A6E275082ECFC
:102BF8003EF00009D8B403EF16F005EF16F00FEF1A
:102C080016F02850D8B40BEF16F00DEF16F00FEFB2
:102C180016F0010E206E2050D8A415EF16F018EF0C
:102C280016F0010E19EF16F0000E286E070E2A6E28
:102C38001EC02BF0216A290E196E030E1A6E27503A
:102C480082EC3EF00009D8B42CEF16F02EEF16F007
:102C580038EF16F02850D8B434EF16F036EF16F0E7
:102C680038EF16F0010E216E2150D8A43EEF16F071
:102C780041EF16F0010E42EF16F0000E286E120E0C
:102C88002A6E1D50FF0A2B6E226A290E196E030E3A
:102C98001A6E275082EC3EF00009D8B456EF16F0B1
:102CA80058EF16F062EF16F02850D8B45EEF16F021
:102CB80060EF16F062EF16F0010E226E2250D8A4D3
:102CC80068EF16F06BEF16F0010E6CEF16F0000EC1
:102CD800286E100E2A6E010E2B6E236A290E196EAD
:102CE800030E1A6E275082EC3EF00009D8B47FEF2D
:102CF80016F081EF16F08BEF16F02850D8B487EF56
:102D080016F089EF16F08BEF16F0010E236E2350A4
:102D1800D8A491EF16F094EF16F0010E95EF16F087
:102D2800000E286E040E2A6E200E2B6E246A290EC1
:102D3800196E030E1A6E275082EC3EF00009D8B4C3
:102D4800A8EF16F0AAEF16F0B4EF16F02850D8B492
:102D5800B0EF16F0B2EF16F0B4EF16F0010E246ED5
:102D68002450D8A4BAEF16F0BDEF16F0010EBEEF4E
:102D780016F0000E286E010E2A6E200E2B6E256AA4
:102D8800290E196E030E1A6E275082EC3EF00009C8
:102D9800D8B4D1EF16F0D3EF16F0DDEF16F02850C7
:102DA800D8B4D9EF16F0DBEF16F0DDEF16F0010E10
:102DB800256E2550D8A4E3EF16F0E6EF16F0010EC5
:102DC800E7EF16F0000E286E100E2A6E110E2B6E0D
:102DD800266A290E196E030E1A6E275082EC3EF0F1
:102DE8000009D8B4FAEF16F0FCEF16F006EF17F06A
:102DF8002850D8B402EF17F004EF17F006EF17F0D9
:102E0800010E266E12000101B36FD0EC3CF012C027
:102E1800AFF113C0B0F114C0B1F115C0B2F1B0EC0C
:102E280053F017C0ABF118C0ACF100EC52F0EAC097
:102E3800A3F1EBC0A4F1ECC0A5F1EDC0A6F1EEEC56
:102E480051F0EAC0A7F1EBC0A8F1ECC0A9F1EDC0C0
:102E5800AAF1010E7AEC4AF0330E216EFF0E226EB3
:102E6800AFC123F09EEC4EF0760E216EFE0E226E60
:102E7800B0C123F09EEC4EF0750E1F6EFB0E206E57
:102E8800F6EC4CF0ABC11FF0ACC120F010EC3AF0FE
:102E9800B00E1F6EFB0E206EF6EC4CF0A3C194F042
:102EA800A4C195F0A5C196F0A6C197F018EC23F03F
:102EB800F40E1F6EFF0E206EF6EC4CF0990E1F6E8E
:102EC800FD0E206EF6EC4CF0A7C194F0A8C195F069
:102ED800A9C196F0AAC197F018EC23F0F40E1F6E62
:102EE800FF0E206EF6EC4CF00101B35164EC50F08B
:102EF800A00E1F6EFE0E206EF6EC4CF076EC54F031
:102F08007FEC4FF012C01FF013C020F0F6EC4CF02D
:102F1800F60E1F6EFD0E206EF6EC4CF07CEC54F0B5
:102F28007EEC45F012C01FF013C020F0F6EC4CF018
:102F3800880E216EFE0E226E79EC54F0236E9EEC04
:102F48004EF0820E1F6EFE0E206EF6EC4CF08AECF0
:102F580054F01AEC39F012C01FF013C020F0F6EC50
:102F68004CF09A0E1F6EFE0E206EF6EC4CF07FECC5
:102F780054F018EC34F012C01FF013C020F0F6EC37
:102F88004CF08E0E1F6EFE0E206EF6EC4CF057ECD9
:102F980048F00009D8A4D3EF17F0D5EF17F0DCEF0D
:102FA80017F0C30E0101AD6FFF0EAE6FE1EF17F022
:102FB800C70E0101AD6FFF0EAE6FADC11FF0AEC100
:102FC80020F0F6EC4CF0940E1F6EFE0E206EF6EC20
:102FD8004CF08CEC3FF049EC45F014C01FF015C0E4
:102FE80020F0F6EC4CF00101B35164EC50F0F7EC32
:102FF8003DF00101B35164EC50F0B7EC4BF05E0EBC
:103008002B6EFE0E2C6E000E2D6E0101B35129ECB5
:1030180026F0640E2B6EFE0E2C6E010E2D6E010135
:10302800B35129EC26F06A0E2B6EFE0E2C6E020EA2
:103038002D6E0101B35129EC26F0580E2B6EFE0EB1
:103048002C6E030E2D6E0101B35129EC26F0940E5F
:103058001F6EFA0E206EF6EC4CF0000E7AEC4AF079
:1030680012000001666F600083F1D9FF600087F1EC
:10307800DAFFDF6A000120EE01F06051D9266151C4
:10308800DA22DF6A20EE02F06051D9266151DA2295
:10309800DF6A20EE03F06051D9266151DA22DF6A37
:1030A80020EE04F06051D9266151DA22DF6A20EE61
:1030B80005F06051D9266151DA22DE6ADD6A20EE18
:1030C80007F06051D9266151DA22DE6ADD6A030E03
:1030D800666571EF18F073EF18F075EF18F05EEF92
:1030E80019F06651060D310EF324686FEE0EF420C8
:1030F800696F010E6825626F000E6921636F6000B9
:103108008BF1F6FF60008FF1F7FF0800F55000091A
:10311800D8B491EF18F093EF18F0B2EF18F020EE52
:1031280001F06051D9266151DA22050E7DEC2DF0AF
:10313800DF6E000120EE02F06051D9266151DA22DB
:10314800060E7DEC2DF0DF6E600083F1D9FF600084
:1031580087F1DAFF010EDF6E2BEF19F0670E1F6E95
:103168006000A3F1F6FF6000A7F1F7FF0800F55033
:1031780012EC52F00009D8B4C4EF18F0C6EF18F0FA
:103188002BEF19F0000120EE01F06051D9266151B2
:10319800DA22020E6825626F000E6921636F6000F3
:1031A8008BF1F6FF60008FF1F7FF08006F00D4FF86
:1031B80064F0010E656F642BE4EF18F0D890653762
:1031C800642FE2EF18F00001655167150009D8A4D3
:1031D800F0EF18F0F3EF18F0010EF4EF18F0000E0E
:1031E800DF6E20EE02F06051D9266151DA22030E1B
:1031F8006825626F000E6921636F60008BF1F6FF2E
:1032080060008FF1F7FF08006F00D4FF64F0010E33
:10321800656F642B12EF19F0D8906537642F10EFA3
:1032280019F00001655167150009D8A41EEF19F0BF
:1032380021EF19F0010E22EF19F0000EDF6E600089
:1032480083F1D9FF600087F1DAFF010EDF6E68C0F5
:1032580034F069C035F0000E366E050E00016025A9
:10326800376E000E6121386EBFEC26F00001626FE8
:1032780020EE03F06051D9266151DA2260008BF10B
:10328800DFFF68C034F069C035F0010E366E070EF6
:103298006025376E000E6121386EBFEC26F0000104
:1032A800626F20EE04F06051D9266151DA22600085
:1032B8008BF1DFFF120000EC52F0EAC0A5F1EBC081
:1032C800A6F1ECC0A7F1EDC0A8F1AAEF19F0A5C1CD
:1032D80024F0A6C125F0A7C126F0A8C127F079ECF3
:1032E80050F020C028F021C029F022C02AF023C0C5
:1032F8002BF082EC2AF0D8A084EF19F086EF19F0B1
:10330800C0EF19F0010E0001FE6FC0EF19F004ECD8
:103318004FF020C024F021C025F022C026F023C0A1
:1033280027F0A5C128F0A6C129F0A7C12AF0A8C195
:103338002BF082EC2AF0D8A0A4EF19F0A6EF19F030
:10334800C0EF19F00001FE6BC0EF19F00001FE514B
:10335800EE6FEF6BEF51000AD8B4B5EF19F08BEFB1
:1033680019F0EE51000AD8B46BEF19F0010AD8B47D
:103378008BEF19F08BEF19F00001FE05D8A4C7EF09
:1033880019F0C9EF19F01BEF1AF00101A36B67ECF4
:1033980054F00009D8B4D3EF19F0D5EF19F0E2EFE3
:1033A80019F049EC54F00009D8B4DDEF19F0DFEF5B
:1033B80019F0E2EF19F0010E0101A36F0101A35109
:1033C800D8A4E9EF19F0ECEF19F0010EEDEF19F0C0
:1033D800000E276E030E71EC32F00101A46B64EC51
:1033E80054F00009D8B4FBEF19F0FDEF19F00AEF1B
:1033F8001AF049EC54F00009D8B405EF1AF007EFB9
:103408001AF00AEF1AF0010E0101A46F0101A4518C
:10341800D8A411EF1AF014EF1AF0010E15EF1AF0F4
:10342800000E276E040E71EC32F025EF1AF0000E34
:10343800276E030E71EC32F0000E276E040E71EC4D
:1034480032F00001FD51D8B42CEF1AF02EEF1AF02B
:103458004DEF1AF0A5C124F0A6C125F0A7C126F0AA
:10346800A8C127F0EBEC4EF020C028F021C029F0CD
:1034780022C02AF023C02BF082EC2AF0D8A047EF14
:103488001AF049EF1AF06BEF1AF00001FD6B6BEFC1
:103498001AF0D2EC4EF020C024F021C025F022C052
:1034A80026F023C027F0A5C128F0A6C129F0A7C19E
:1034B8002AF0A8C12BF082EC2AF0D8A066EF1AF007
:1034C80068EF1AF06BEF1AF0010E0001FD6FFDC0F6
:1034D80027F0060E71EC32F01200010E06EC32F005
:1034E8001DC039F01EC03AF0020E06EC32F01DC0C5
:1034F8003BF01EC03CF039503A10D8A486EF1AF0C1
:1035080088EF1AF08EEF1AF0040E356E000E346E46
:1035180092EF1AF039C034F03AC035F03350D96E12
:10352800DA6A040ED9266000D3F0DEFF6000D7F017
:10353800DDFF3B503C10D8A4A4EF1AF0A6EF1AF018
:10354800ACEF1AF0080E376E000E366EB0EF1AF0B8
:103558003BC036F03CC037F03350D96EDA6A060EFD
:10356800D9266000DBF0DEFF6000DFF0DDFF386A9F
:1035780039503A10D8B4C3EF1AF0C5EF1AF0D0EFAB
:103588001AF03B503C10D8B4CCEF1AF0CEEF1AF03A
:10359800D0EF1AF0010E386E3350D96EDA6A0C0E7D
:1035A800D9263850D8A4DBEF1AF0DEEF1AF0010E56
:1035B800DFEF1AF0000EDF6E010E37EC42F03350E9
:1035C800D96EDA6A60005FF0DEFF600063F0DDFF4D
:1035D800020E37EC42F03350D96EDA6A020ED92661
:1035E80060005FF0DEFF600063F0DDFF3350D96EEE
:1035F800DA6A040ED9266F0078FF2BF06F0074FF8B
:103608002CF03350D96EDA6A6F0078FF2DF06F0016
:1036180074FF2EF0BFEC39F03350D96EDA6A080E19
:10362800D9266000AFF0DEFF6000B3F0DDFF335055
:10363800D96EDA6A060ED9266F0078FF2BF06F0074
:1036480074FF2CF03350D96EDA6A020ED9266F0057
:1036580078FF2DF06F0074FF2EF0BFEC39F0335077
:10366800D96EDA6A0A0ED9266000AFF0DEFF600074
:10367800B3F0DDFF3350D96EDA6A0D0ED926335018
:10368800E16EE26A080EE1266F0098FF1EF06F00F7
:1036980094FF1FF03350E16EE26A0A0EE1266F00D4
:1036A80098FF20F06F0094FF21F000EC2DF0DF6E02
:1036B8001200ACEC42F02F6EA2EC47F012C020F0E2
:1036C80013C021F014C022F015C023F02F50D8B435
:1036D80070EF1BF072EF1BF0B0EF1BF0276A7CEF66
:1036E8001BF0A10E126E010E136E50EC4EF0272A3D
:1036F8002F50275CD8A083EF1BF085EF1BF075EFE8
:103708001BF001017D51D8A48CEF1BF08EEF1BF04C
:1037180099EF1BF0010E7D6F20C03FF121C040F1F1
:1037280022C041F123C042F17C6B7C512F242D6EC5
:103738002E6A2E362E04D8B0A4EF1BF0A6EF1BF08D
:10374800ABEF1BF02DC025F0266AAEEF1BF0000E84
:10375800266E256825C07CF101017D51D8A4B7EFFC
:103768001BF0B9EF1BF0BCEF1BF0000E44EF1CF090
:10377800010E7C65C2EF1BF0C4EF1BF0CFEF1BF00E
:103788007D6B7C6B9F0E126E010E136E50EC4EF02B
:10379800010E44EF1CF03FC11CF040C11DF041C1B7
:1037A8001EF042C11FF082EC52F01F501E1009E1BA
:1037B800E80E1C5C030E1D58D8B0E5EF1BF0E7EFD0
:1037C8001BF0E9EF1BF0B9EF1BF001013B513F5D26
:1037D800296E3C5140592A6E3D5141592B6E3E513C
:1037E80042592C6E286A7B51D8B4FDEF1BF0FFEFCD
:1037F8001BF01DEF1CF02C502B100BE1D00E295C98
:10380800070E2A58D8A00BEF1CF00DEF1CF01DEF87
:103818001CF02C502B1009E1310E295C750E2A582A
:10382800D8B019EF1CF01BEF1CF01DEF1CF0010EB7
:10383800286E2850D8A423EF1CF026EF1CF0010EA8
:1038480027EF1CF0000E246E7D6B7C6B3FC13BF1B3
:1038580040C13CF141C13DF142C13EF1010E7B6FD7
:103868009D0E126E010E136E50EC4EF02450D8B41B
:1038780040EF1CF042EF1CF0B9EF1BF0C6EF1BF055
:1038880012001A6E1A50D8B44CEF1CF04EEF1CF010
:1038980070EF1CF015BE55EF1CF053EF1CF070EFE5
:1038A8001CF012C016F013C017F014C018F015C0A1
:1038B80019F0161E171E181E191E162A000E17229A
:1038C8001822192216C01CF017C01DF018C01EF0CF
:1038D80019C01FF078EF1CF012C01CF013C01DF0C7
:1038E80014C01EF015C01FF012501310141015103C
:1038F800D8A481EF1CF083EF1CF08DEF1CF0000EB4
:10390800126E000E136E000E146E000E156E1EEF72
:103918001DF0960E1B6E97EF1CF01B2AD8901F32D5
:103928001E321D321C32000E1C14166E000E1D14A1
:10393800176E000E1E14186EFE0E1F14196E165008
:10394800171018101910D8A4ACEF1CF0AEEF1CF02B
:1039580091EF1CF0BCEF1CF01B2A010E1C26000E78
:103968001D221E221F22D8901F321E321D321C32E9
:10397800000E1C14166E000E1D14176E000E1E1479
:10398800186EFF0E1F14196E165017101810191004
:10399800D8A4D1EF1CF0D3EF1CF0B0EF1CF0DBEF94
:1039A8001CF01B06D8901C361D361E361F361EBE50
:1039B800E0EF1CF0E2EF1CF0EAEF1CF0020E1B60D7
:1039C800E8EF1CF0EAEF1CF0D5EF1CF01BB0EFEFAE
:1039D8001CF0F1EF1CF0F2EF1CF01E9ED8901B3289
:1039E8001BC016F0176A186A196A16C019F0186A07
:1039F800176A166A16501C1217501D1218501E12FC
:103A080019501F121A50D8B40CEF1DF00EEF1DF00C
:103A180016EF1DF015BE15EF1DF013EF1DF016EF94
:103A28001DF01F8E1CC012F01DC013F01EC014F034
:103A38001FC015F01200DEEC4FF00009D8B427EFD4
:103A48001DF029EF1DF02CEF1DF0000EF2EF1DF018
:103A580026C01DF026500F0F1E6E2650100F1F6E29
:103A68006FEC28F0276E2650D96EDA6A0E0ED9262A
:103A780060009FF0DFFF2650D96EDA6A020ED92661
:103A88002650E16EE26A110EE1266F007FFFE7FF24
:103A98002650D96EDA6A0E0ED926DF50D8B457EF01
:103AA8001DF059EF1DF0C9EF1DF02650030F2A6EC7
:103AB8002650D96EDA6A120ED9262650E16EE26ACD
:103AC800030EE126E750330BDF6E2C6A2A502C24B4
:103AD800D96EDA6A010ED926DF50276E286A27BE0A
:103AE80028062C50020D2650F324D96EDA6A130EDC
:103AF800D92660009FF0DEFF6000A3F0DDFF2C2ACE
:103B0800030E2C648AEF1DF08CEF1DF06AEF1DF098
:103B18002C6A2C50020D2A50F324D96EDA6A060E4C
:103B2800D926DF50276E2C50020D2A50F324D96E67
:103B3800DA6A050ED926DF50296E2750286E2C50D8
:103B4800020D2650F324D96EDA6A1B0ED9266000BE
:103B5800A3F0DEFF6000A7F0DDFF2C2A010E2C6425
:103B6800B8EF1DF0BAEF1DF08DEF1DF02650D96E9D
:103B7800DA6A0C0ED9262650E16EE26A1F0EE1269B
:103B88006F007FFFE7FFF1EF1DF02650D96EDA6A6C
:103B9800120ED926330EDF6E2B6A2B5099EC4CF09F
:103BA8002B50020D2650F324D96EDA6A130ED9264B
:103BB80060004BF0DEFF60004FF0DDFF2B2A050EA2
:103BC8002B64E9EF1DF0EBEF1DF0D1EF1DF026504F
:103BD800D96EDA6A1F0ED926DF6A010E12007CEC54
:103BE80054F0216E2104D8A4FCEF1DF0FEEF1DF067
:103BF80009EF1EF001016605D8B405EF1EF007EFC6
:103C08001EF009EF1EF00EEC54F021C066F1000121
:103C1800F851D8B412EF1EF014EF1EF016EF1EF094
:103C2800C4EF1EF001016851D8A41DEF1EF01FEF6C
:103C38001EF035EF1EF06751D8B425EF1EF027EFC0
:103C48001EF0C4EF1EF0DEEC4FF00009D8A42FEFF1
:103C58001EF031EF1EF0C4EF1EF046EC53F0C4EF37
:103C68001EF0DEEC4FF00009D8B43DEF1EF03FEF38
:103C78001EF041EF1EF0C4EF1EF00101FC29D8B47C
:103C880048EF1EF04AEF1EF07DEF1EF0200EFC25D7
:103C98001F6E206A000E20224CEC54F00009D8A4B4
:103CA80058EF1EF05AEF1EF071EF1EF0830E01015F
:103CB800FC25D96EDA6A010EDA221FC012F020C084
:103CC80013F022EC50F01E6EDE501E18D8B46FEFC1
:103CD8001EF071EF1EF078EF1EF00101686B010E07
:103CE8000001F86FC4EF1EF00101FC697DEF1EF0C2
:103CF800422A0E0E426083EF1EF085EF1EF09DEF04
:103D08001EF0830E4224D96EDA6A010EDA22200EE2
:103D18004224126E136A000E132222EC50F01E6E1B
:103D2800DE501E18D8B49BEF1EF09DEF1EF07CEFFE
:103D38001EF00D0E4264A3EF1EF0A5EF1EF0A9EFD2
:103D48001EF00101686BC4EF1EF0200E4224126EB3
:103D5800136A000E1322830E4224D96EDA6A010E0A
:103D6800DA22DF50146E66EC3DF00009D8B4BFEFDC
:103D78001EF0C1EF1EF0C4EF1EF042C0FCF1422A53
:103D88001200196E59EF1FF015C012F016C013F08B
:103D9800F9EC4BF00009D8B4D4EF1EF0D6EF1EF0C2
:103DA800E6EF1EF015500101025D0351800A176EFF
:103DB8001650800A1758D8A0E4EF1EF0E6EF1EF060
:103DC8007EEF1FF0000E8DEF1FF015C012F016C029
:103DD80013F0F9EC4BF00009D8B4F5EF1EF0F7EF4B
:103DE8001EF0E6EF1EF001010051155C1650800A26
:103DF800176E0151800A1758D8A005EF1FF007EF7A
:103E08001FF07EEF1FF0E6EF1EF015C012F016C08F
:103E180013F0F9EC4BF00009D8B415EF1FF017EFC9
:103E28001FF0E6EF1EF001010651155C1650800ADE
:103E3800176E0751800A1758D8A025EF1FF027EFF3
:103E48001FF07EEF1FF0E6EF1EF015C012F016C04F
:103E580013F0F9EC4BF00009D8B435EF1FF037EF49
:103E68001FF0E6EF1EF015500101045D0551800AB0
:103E7800176E1650800A1758D8A045EF1FF047EF65
:103E88001FF07EEF1FF0E6EF1EF015C012F016C00F
:103E980013F0D8EC4BF00009D8A455EF1FF057EFFA
:103EA8001FF07EEF1FF0E6EF1EF01950176E186A2C
:103EB8001850000AD8B463EF1FF0E6EF1EF0175051
:103EC800000AD8B4C8EF1EF0010AD8B4E9EF1EF012
:103ED800030AD8B409EF1FF0010AD8B429EF1FF07C
:103EE800070AD8B449EF1FF0010AD8B449EF1FF008
:103EF800E6EF1EF01950020D000EF324D96E010EE4
:103F0800F420DA6E600057F0DEFF60005BF0DDFF42
:103F1800010E12001C6E1FEF20F01950D8A497EF65
:103F28001FF09BEF1FF01A6A1A2A9CEF1FF01A6AFB
:103F38001A461A46BA501A18FB0B1A18BA6E48EFE6
:103F480020F01950D8A4ABEF1FF0AFEF1FF01A6A9A
:103F58001A2AB0EF1FF01A6A1A461A461A46BA50B9
:103F68001A18F70B1A18BA6E48EF20F01950D8A48F
:103F7800C0EF1FF0C4EF1FF01A6A1A2AC5EF1FF02E
:103F88001A6A1A3ABA501A18EF0B1A18BA6E48EF8A
:103F980020F01950D8A4D3EF1FF0D7EF1FF01A6AFA
:103FA8001A2AD8EF1FF01A6A1A3A1A46BA501A187B
:103FB800DF0B1A18BA6E48EF20F01950D8A4E7EFB3
:103FC8001FF0EBEF1FF01A6A1A2AECEF1FF01A6ABB
:103FD8001A321A32BA501A187F0B1A18BA6E48EFEA
:103FE80020F01950D8A4FBEF1FF0FFEF1FF01A6A5A
:103FF8001A2A00EF20F01A6A1A3A1A46BB501A1801
:10400800DF0B1A18BB6E48EF20F01950D8A40FEF39
:1040180020F013EF20F01A6A1A2A14EF20F01A6A17
:104028001A3ABB501A18EF0B1A18BB6E48EF20F05B
:10403800000E4EEF20F01C501A6E1B6A1B50000A2F
:10404800D8B429EF20F01CEF20F01A50000AD8B499
:1040580091EF1FF0010AD8B4A5EF1FF0030AD8B4F6
:10406800BAEF1FF0010AD8B4CDEF1FF0070AD8B491
:10407800E1EF1FF0010AD8B4F5EF1FF0030AD8B436
:1040880009EF20F01CEF20F019C012F01C504AEC88
:104098003FF0010E12000001946F76EF20F094516A
:1040A80042EC35F009EF21F09451BDEC30F009EF06
:1040B80021F09451B1EC46F009EF21F094511BEC3A
:1040C80046F009EF21F094510EEC40F009EF21F091
:1040D8009451FCEC41F009EF21F0945173EC38F065
:1040E80009EF21F00001FB51916F926B9251000A88
:1040F800D8B481EF20F0A4EF20F09151000AD8B491
:10410800A4EF20F0010AD8B453EF20F0030AD8B482
:1041180058EF20F0010AD8B45DEF20F0070AD8B4B0
:1041280062EF20F0010AD8B467EF20F0030AD8B490
:104138006CEF20F0010AD8B471EF20F0A4EF20F062
:10414800010E936F945105EC2CF00009D8A4AFEF41
:1041580020F0B1EF20F007EF21F00001945142EC7C
:1041680035F00009D8A4BBEF20F0BDEF20F007EF31
:1041780021F000019451BDEC30F00009D8A4C7EF3C
:1041880020F0C9EF20F007EF21F000019451B1ECC5
:1041980046F00009D8A4D3EF20F0D5EF20F007EFC0
:1041A80021F0000194511BEC46F00009D8A4DFEF80
:1041B80020F0E1EF20F007EF21F0000194510EEC20
:1041C80040F00009D8A4EBEF20F0EDEF20F007EF66
:1041D80021F000019451FCEC41F00009D8A4F7EF5C
:1041E80020F0F9EF20F007EF21F00001945173EC73
:1041F80038F00009D8A403EF21F005EF21F007EF0C
:1042080021F00001936B000193511200640E336E8C
:1042180071EC1AF0010E7AEC4AF0AD0E1F6EFB0E2F
:10422800206EF6EC4CF0A8EC53F017C01FF018C045
:1042380020F010EC3AF0990E1F6EFD0E206EF6EC91
:104248004CF0A0EC53F017C01FF018C020F010EC91
:104258003AF0750E1F6EFB0E206EF6EC4CF0B0ECCB
:1042680053F017C01FF018C020F010EC3AF0940E6D
:104278001F6EFA0E206EF6EC4CF0810E1F6EFD0ECE
:10428800206EF6EC4CF064C01FF065C020F010EC16
:104298003AF0C30E1F6EFB0E206EF6EC4CF06CC0AD
:1042A8001FF06DC020F010EC3AF0890E1F6EFD0E65
:1042B800206EF6EC4CF066C01FF067C020F010ECE2
:1042C8003AF0C30E1F6EFB0E206EF6EC4CF06EC07B
:1042D8001FF06FC020F010EC3AF0DF0E1F6EFC0EDE
:1042E800206EF6EC4CF068C01FF069C020F010ECAE
:1042F8003AF02F0EF0EC52F06AC01FF06BC020F0BD
:1043080010EC3AF000017051D8A48DEF21F08FEF36
:1043180021F095EF21F0450E606FFB0E616F99EF6C
:1043280021F0510E606FFD0E616F60C01FF061C01B
:1043380020F0F6EC4CF000017151D8A4A6EF21F062
:10434800A8EF21F0AEEF21F0D20E626FFA0E636F84
:10435800B2EF21F0B60E626FFA0E636F62C01FF003
:1043680063C020F0F6EC4CF0000E7AEC4AF0120034
:1043780000016A6B000E696FA2EC47F012C060F092
:1043880013C061F014C062F015C063F0000E126E25
:10439800000E136E000E146E000E156EFF0E166ED4
:1043A8001F0E176E000E186E000E196E690E1A6E2B
:1043B8006DEC37F00001686F60C01CF061C01DF043
:1043C80062C01EF063C01FF082EC52F01CC064F0A3
:1043D8001DC065F01EC066F01FC067F0010E7AECC4
:1043E8004AF0FC0E1F6EFE0E206EF6EC4CF000013B
:1043F8006851D8A402EF22F004EF22F00FEF22F068
:10440800060E1F6EF90E206EF6EC4CF0000E7AECDC
:104418004AF06CEF22F0DA0E1F6EFD0E206EF6ECFD
:104428004CF000016A511AEC4EF0000169511AEC87
:104438004EF07A0E1F6EFC0E206EF6EC4CF0000E5D
:104448001AEC4EF0000E1AEC4EF0000E1AEC4EF07C
:10445800BF0E1F6EFF0E206EF6EC4CF0000E1AEC2D
:104468004EF01F0E1AEC4EF0FF0E1AEC4EF0270E0F
:104478001F6EFD0E206EF6EC4CF0100E1AEC4EF08E
:10448800210E1AEC4EF00C0E1F6EFD0E206EF6EC8F
:104498004CF0FF0E1AEC4EF0FF0E1AEC4EF0100E18
:1044A8001F6EFF0E206EF6EC4CF064C02BF065C05A
:1044B8002CF066C02DF067C02EF0DCEC32F0940EC4
:1044C8001F6EFA0E206EF6EC4CF0000E7AEC4AF0F5
:1044D8001200316A31501F0FD96EDA6A200E31246A
:1044E800126E136A000E132222EC50F0DF6E312A8E
:1044F8000D0E316482EF22F084EF22F06EEF22F08D
:104508002F6A460E1F18D8A48CEF22F08EEF22F0E7
:10451800B0EF22F0480E2018D8A495EF22F097EFBC
:1045280022F0B0EF22F02104D8A49DEF22F09FEFF3
:1045380022F0B0EF22F01F0E126E136A0D0E146EE9
:10454800CBEC40F02C18D8A4ACEF22F0AEEF22F060
:10455800B0EF22F0010E2F6E2F50D8A4B6EF22F044
:10456800B9EF22F0010EBAEF22F0000E306E316A78
:104578003050D8A4C2EF22F0C4EF22F0C9EF22F0E5
:104588002E6A000E2D6ED2EF22F031501F0FD96E19
:10459800DA6ADF501D6E1D502D6E2E6A830E31248F
:1045A800D96EDA6A010EDA226000B7F0DFFF312A2D
:1045B8000D0E3164E2EF22F0E4EF22F0BCEF22F0BE
:1045C800030EB8EC4EF0316A31C01DF0010E1E6EBC
:1045D8001D2AF1EF22F0D8901E361D2EEFEF22F0A3
:1045E8001E500001F9150009D8B4FDEF22F0FFEFC5
:1045F80022F003EF23F03150050FB8EC4EF0312ACA
:10460800070E31640AEF23F00CEF23F0E8EF22F0F5
:104618003050D8A412EF23F014EF23F017EF23F053
:10462800010E0101676F1200000197BF20EF23F010
:104638001EEF23F035EF23F02D0EF0EC52F094C06E
:1046480012F095C013F096C014F097C015F0FEEC68
:104658004DF012C094F013C095F014C096F015C038
:1046680097F094C08AF095C08BF096C08CF097C0F4
:104678008DF07BEC29F08AC09CF08BC09DF0000E79
:104688000001756F000E766F200E776F410E786F00
:104698009CC012F09DC013F0000E13BEFF0E146EE6
:1046A800156E010E45EC1CF012C034F013C035F045
:1046B80014C036F015C037F094C030F095C031F012
:1046C80096C032F097C033F02EEC4BF030C071F04A
:1046D80031C072F032C073F033C074F0C1EC08F02E
:1046E80071C098F072C099F073C09AF074C09BF0D2
:1046F800000E246E000E256E000E266E3F0E276EED
:1047080098C020F099C021F09AC022F09BC023F0F5
:1047180066EC06F020C08AF021C08BF022C08CF035
:1047280023C08DF07BEC29F08AC09EF08BC09FF0EF
:1047380000019F5109E10A0E9E5DD8A0A6EF23F063
:10474800A8EF23F0ADEF23F09C4B9D2B9F6B000E41
:104758009E6F9CC01FF09DC020F099EC31F02E0E8A
:10476800F0EC52F000019E51300FF0EC52F01200C4
:1047780088EC54F00001696F01016151FF0A0001E2
:1047880069150009D8A4CBEF23F0CEEF23F0010E72
:10479800CFEF23F0000E686F69C061F14050D8B4C4
:1047A800D8EF23F0DAEF23F0F8EF23F0010163519B
:1047B800D8B4E1EF23F0E3EF23F0F8EF23F0636BD5
:1047C80006EC4AF0A2EC47F012C01FF113C020F12A
:1047D80014C021F115C022F11FC11BF120C11CF129
:1047E80021C11DF122C11EF100016851D8B4FFEFAB
:1047F80023F001EF24F007EF24F069C03EF03F6A90
:10480800070E7FEC51F04050D8A40DEF24F00FEFC5
:1048180024F011EF24F059EF24F01FC11CF020C13F
:104828001DF021C11EF022C11FF082EC52F01F5072
:104838001E100BE1E80E1C5C030E1D58D8A027EFD4
:1048480024F029EF24F035EF24F0A2EC47F012C051
:104858001FF113C020F114C021F115C022F16AEC38
:104868004EF01BC11CF01CC11DF01DC11EF01EC165
:104878001FF082EC52F01F501E100BE1600E1C5C02
:10488800EA0E1D58D8A04BEF24F04DEF24F059EF55
:1048980024F0A2EC47F012C01BF113C01CF114C0A5
:1048A8001DF115C01EF10AEC41F0120088EC54F01D
:1048B800296E58EC54F0276E010E7AEC4AF04F0E30
:1048C8001F6EFA0E206EF6EC4CF029501AEC4EF0E2
:1048D800150E1F6EFD0E206EF6EC4CF027501AECEC
:1048E8004EF0460E1F6EFE0E206EF6EC4CF009ECF4
:1048F80053F00009D8A483EF24F085EF24F08AEF61
:1049080024F0246A300E236E8DEF24F0246A310ED1
:10491800236E2350F0EC52F02A6A040E2A6497EFB3
:1049280024F099EF24F09BEF24F0DEEF24F02AC066
:1049380021F0010E226E212AA4EF24F0D89022360D
:10494800212EA2EF24F02250286E295028140009A5
:10495800D8A4B1EF24F0B3EF24F0B5EF24F0DBEFE7
:1049680024F0200EF0EC52F02A505AEC4CF012C011
:104978001FF013C020F0F6EC4CF027502814000963
:10498800D8A4C9EF24F0CBEF24F0D1EF24F0240E03
:10499800256EFF0E266ED5EF24F0290E256EFF0E2C
:1049A800266E25C01FF026C020F0F6EC4CF02A2A0F
:1049B80091EF24F02950D8A4E4EF24F0E6EF24F096
:1049C800ECEF24F0520E1F6EFE0E206EF6EC4CF04B
:1049D800940E1F6EFA0E206EF6EC4CF0000E7AEC78
:1049E8004AF01200010E7AEC4AF0050E1F6EFE0E18
:1049F800206EF6EC4CF07FEC54F018EC34F012C05A
:104A08001FF013C020F0F6EC4CF01E0E1F6EFD0ECA
:104A1800206EF6EC4CF07FEC54F01AEC4EF0790E68
:104A28001F6EFD0E206EF6EC4CF073EC54F0286E01
:104A380028501F6E206A10EC3AF0CE0E1F6EFB0E47
:104A4800206EF6EC4CF070EC54F0286E28501F6E77
:104A5800206A10EC3AF02D6A200EF0EC52F02D503E
:104A6800020DCF0EF324F66EED0EF420F76E09005A
:104A78006F00D4FF1FF00A006F00D4FF20F0F6EC9F
:104A88004CF03D0EF0EC52F02D501DEC51F0286E1C
:104A980028501F6E206A10EC3AF02D2A070E2D645C
:104AA80058EF25F05AEF25F030EF25F05BEC54F085
:104AB8000009D8A462EF25F064EF25F07EEF25F019
:104AC800B8EC4CF00009D8A46CEF25F06EEF25F097
:104AD80074EF25F0760E2B6EFA0E2C6E78EF25F01B
:104AE800200E2B6EFB0E2C6E2BC029F02CC02AF04A
:104AF80082EF25F0130E296EFB0E2A6E29C01FF0D7
:104B08002AC020F0F6EC4CF0940E1F6EFA0E206EC0
:104B1800F6EC4CF0000E7AEC4AF0120082EC54F0FD
:104B28000001686FC7EC4FF0010E7AEC4AF03E0EB8
:104B38001F6EFC0E206EF6EC4CF0000168B1A7EF7A
:104B480025F0A9EF25F0AEEF25F0616B300E606F10
:104B5800B1EF25F0616B310E606F6051F0EC52F0EF
:104B6800E80E1F6EFD0E206EF6EC4CF0000168B3E7
:104B7800C0EF25F0C2EF25F0C7EF25F0636B300ECC
:104B8800626FCAEF25F0636B310E626F6251F0EC11
:104B980052F0700E1F6EFE0E206EF6EC4CF0000107
:104BA80068B9D9EF25F0DBEF25F0E0EF25F0656B6C
:104BB800300E646FE3EF25F0656B310E646F64515E
:104BC800F0EC52F07C0E1F6EFE0E206EF6EC4CF0F0
:104BD800000168BBF2EF25F0F4EF25F0F9EF25F0BE
:104BE800676B300E666FFCEF25F0676B310E666FF2
:104BF8006651F0EC52F0B80E1F6EFB0E206EF6EC0C
:104C08004CF084EC54F00AEC49F012C01FF013C0C9
:104C180020F0F6EC4CF0E10E1F6EFD0E206EF6EC67
:104C28004CF04FEC54F00AEC49F012C01FF013C0DE
:104C380020F0F6EC4CF0940E1F6EFA0E206EF6EC97
:104C48004CF0000E7AEC4AF012002E6E2D5067ECF4
:104C58004FF012C033F013C034F02E5064EC50F013
:104C68002BC01FF02CC020F0F6EC4CF0B60E1F6ED7
:104C7800FB0E206EF6EC4CF06000CFF0D9FF600020
:104C8800D3F0DAFFDF50D8A44CEF26F04EEF26F031
:104C980056EF26F0F30E1F6EFF0E206EF6EC4CF06A
:104CA800BEEF26F020EE01F03350D9263450DA2238
:104CB800DF50D8A462EF26F064EF26F069EF26F003
:104CC800306A300E2F6E6CEF26F0306A310E2F6E80
:104CD8002F50F0EC52F020EE02F03350D926345029
:104CE800DA22DF50D8A47BEF26F07DEF26F082EFA2
:104CF80026F0326A300E316E85EF26F0326A310EB8
:104D0800316E3150F0EC52F0380E1F6EFF0E206EEF
:104D1800F6EC4CF020EE05F03350D9263450DA2268
:104D28006F0078FF28F06F0074FF29F020EE03F081
:104D38003350D9263450DA22DF5015EC4DF03D0EB1
:104D48001F6EFF0E206EF6EC4CF020EE07F033508D
:104D5800D9263450DA226F0078FF28F06F0074FFEC
:104D680029F020EE04F03350D9263450DA22DF50EF
:104D780015EC4DF01200050E3424396E000E352066
:104D88003A6E6000E7F0F6FF6000EBF0F7FF08000E
:104D98006F00D4FF1DF036C01EF06000D3F0F6FFA0
:104DA8006000D7F0F7FF0800F55060EC49F0000903
:104DB800D8A4E1EF26F0E3EF26F0E6EF26F0000EA8
:104DC80051EF27F0150E396EC60EE82EFED7392E94
:104DD800FCD700D0040E3424396E000E35203A6E0C
:104DE8006000E7F0F6FF6000EBF0F7FF08006F00E7
:104DF800D4FF1FF03D0E206E6000D3F0F6FF600078
:104E0800D7F0F7FF0800F55035EC49F00009D8A4B1
:104E180010EF27F012EF27F014EF27F0E3EF26F05A
:104E28003DC02BF03EC02CF00C0E2E6EE40E2D6E05
:104E3800DFEC44F02BC03BF02CC03CF03BC012F040
:104E48003CC013F0146A156AEE0E166E070E176E44
:104E5800000E186E000E196E14EC45F012C01EF00C
:104E680013C01FF014C020F015C021F0B00E226E40
:104E7800040E236E000E246E000E256E6DEC39F0C4
:104E88006000DFF0D9FF6000E3F0DAFF60007BF03C
:104E9800DEFF60007FF0DDFF010E12000001666B8F
:104EA800A2EC47F012C060F013C061F014C062F0C9
:104EB80015C063F000016B6B640E346E356A010E29
:104EC8004BEC30F00009D8B46CEF27F06EEF27F008
:104ED80070EF27F00001662B00016B2B070E6B6546
:104EE80078EF27F07AEF27F060EF27F060C01CF02A
:104EF80061C01DF062C01EF063C01FF082EC52F06A
:104F08001CC067F01DC068F01EC069F01FC06AF0C1
:104F1800010E7AEC4AF0510E1F6EFB0E206EF6EC75
:104F28004CF0206A080E1F6E10EC3AF00B0E1F6E44
:104F3800FF0E206EF6EC4CF066C01FF0206A10ECF5
:104F48003AF0590E1F6EFD0E206EF6EC4CF067C05D
:104F58002BF068C02CF069C02DF06AC02EF0DCEC94
:104F680032F0D60E1F6EFC0E206EF6EC4CF067C0C9
:104F78003BF068C03CF069C03DF06AC03EF0040EEA
:104F8800CBEF27F0D8903E323D323C323B32E82E10
:104F9800C6EF27F03BC02BF03CC02CF03DC02DF0F5
:104FA8003EC02EF0DCEC32F0F70E1F6EFE0E206EC7
:104FB800F6EC4CF0000E7AEC4AF01200010E7AEC96
:104FC8004AF08A0E1F6EF90E206EF6EC4CF00001C6
:104FD800676B67C066F049506719D8B4F6EF27F0D9
:104FE800F8EF27F0FDEF27F0636B200E626F00EFFC
:104FF80028F0636B3E0E626F6251F0EC52F00001D4
:105008006751310FF0EC52F0130E1F6EFC0E206E3C
:10501800F6EC4CF0000166513AEC4CF012C01FF06F
:1050280013C020F00B0E216EE6EC42F00001665131
:105038008CEC4DF012C032F013C033F0040E346E15
:1050480085EC2BF0120E1F6EFC0E206EF6EC4CF069
:105058000001665199EC4CF012C032F013C033F0E5
:10506800040E346E85EC2BF0000166518CEC4DF08B
:1050780012C060F013C061F00001665199EC4CF069
:1050880012500001601907E113506119D8A44FEFBD
:1050980028F051EF28F057EF28F0940E646FFA0EBD
:1050A800656F5BEF28F0DF0E646FFA0E656F64C002
:1050B8001FF065C020F0F6EC4CF00001672B050EE0
:1050C800676569EF28F06BEF28F0EDEF27F0000E29
:1050D8007AEC4AF01200256A1D502524D96EDA6A46
:1050E80025C012F0136A22EC50F0DF6E252A0D0E4F
:1050F800256481EF28F083EF28F070EF28F0236A09
:105108001D50D96EDA6A500EDE18D8A48EEF28F03A
:1051180090EF28F0AEEF28F01D50D96EDA6A010E34
:10512800D926330EDE18D8A49CEF28F09EEF28F07D
:10513800AEEF28F01D50D96EDA6A020ED926030E9A
:10514800DE18D8A4AAEF28F0ACEF28F0AEEF28F0CC
:10515800010E236E1E50D96EDA6A2350D8A4B7EF19
:1051680028F0BAEF28F0010EBBEF28F0000EDF6E32
:105178001DC012F0136A0D0E146ECBEC40F0206EB9
:105188001D50D96EDA6A0D0ED926DE502018D8B413
:10519800D0EF28F0D4EF28F0226A222AD5EF28F0A1
:1051A800226A1F50D96EDA6A60008BF0DFFF246A2A
:1051B8001E50D96EDA6ADF50D8B4E5EF28F0E7EF71
:1051C80028F0F4EF28F01F50D96EDA6ADF50D8B40F
:1051D800F0EF28F0F2EF28F0F4EF28F0010E246E3B
:1051E800245012001B6A19BEFEEF28F0FCEF28F0CD
:1051F80008EF29F0191E181E171E166C000E17222C
:1052080018221922010E1B6E15BE0FEF29F00DEFA3
:1052180029F019EF29F0151E141E131E126C000E2A
:10522800132214221522010E1B1A000E1C6E000EEA
:105238001D6E000E1E6E000E1F6E165017101810F1
:105248001910D8B42AEF29F02CEF29F062EF29F0D1
:10525800010E1A6E36EF29F0D89016361736183622
:1052680019361A2A19AE3BEF29F03DEF29F030EF35
:1052780029F0D8901C361D361E361F361650125C83
:10528800175013581850145819501558D8A04FEFE4
:1052980029F051EF29F05AEF29F01650125E1750F5
:1052A800135A1850145A1950155A1C80D89019328C
:1052B8001832173216321A2E3DEF29F01B50D8B487
:1052C80068EF29F06AEF29F072EF29F01F1E1E1E01
:1052D8001D1E1C6C000E1D221E221F221CC012F057
:1052E8001DC013F01EC014F01FC015F012000001FD
:1052F8008C358D35936F9351D8A485EF29F087EFBE
:1053080029F091EF29F0000E8A6F000E8B6F000EC6
:105318008C6F000E8D6FFEEF29F08AC08EF08BC067
:105328008FF08CC090F08DC091F0200EA1EF29F085
:10533800D890913390338F338E33E82E9CEF29F039
:105348008E51926F8C8FFF0E8A17FF0E8B17FF0EF0
:105358008C17000E8D17960E935F93BFB8EF29F048
:10536800B6EF29F0CEEF29F09351800A970FD8B005
:10537800C0EF29F0C2EF29F0C4EF29F087EF29F038
:10538800D8908D338C338B338A33933FC4EF29F015
:10539800E6EF29F01F0E9365D4EF29F0D6EF29F038
:1053A800DEEF29F087EF29F0D8908A378B378C37D2
:1053B8008D3793079351D8A4E4EF29F0E6EF29F04D
:1053C800D8EF29F09251D8B4ECEF29F0EEEF29F09C
:1053D800F6EF29F08D1F8C1F8B1F8A6D000E8B2313
:1053E8008C238D238AC08AF08BC08BF08CC08CF004
:1053F8008DC08DF012003D6E080E3D6406EF2AF058
:1054080008EF2AF00AEF2AF081EF2AF03D50020D4A
:10541800800EF324126E020EF420136E84EC4EF00C
:105428009B0E126E010E136E84EC4EF04050D8A401
:1054380020EF2AF022EF2AF024EF2AF081EF2AF059
:105448005AEC43F00009D8A42CEF2AF02EEF2AF0EA
:1054580030EF2AF081EF2AF0450EE7EC45F02C0EEC
:10546800F0EC52F03D50060D630EF324F66EED0E8F
:10547800F420F76E09006F00D4FF1FF00A006F00D8
:10548800D4FF20F0F6EC4CF03D50060D040EF32648
:10549800000EF422630EF324F66EED0EF420F76E80
:1054A80009006F00D4FF21F00A006F00D4FF22F03A
:1054B80060C023F061C024F00CEC50F00001625190
:1054C800D8B469EF2AF06BEF2AF07FEF2AF0730E59
:1054D800216EFF0E226E63C023F064C024F00CEC32
:1054E80050F0830E216EFF0E226E65C023F066C059
:1054F80024F00CEC50F0C9EC52F01200000E241409
:105508002C6E000E25142D6E800E26142E6E7F0E26
:1055180027142F6E2C502D102E102F10D8A497EF73
:105528002AF099EF2AF0A1EF2AF0000E246E000E5F
:10553800256E000E266E000E276E000E28142C6EA7
:10554800000E29142D6E800E2A142E6E7F0E2B1439
:105558002F6E2C502D102E102F10D8A4B6EF2AF035
:10556800B8EF2AF0C0EF2AF0000E286E000E296E60
:10557800000E2A6E000E2B6E27AEC5EF2AF0C7EF7D
:105588002AF0D0EF2AF0246C251ED8B0252A261E32
:10559800D8B0262A800E27562BAED5EF2AF0D7EFA3
:1055A8002AF0E0EF2AF0286C291ED8B0292A2A1EF2
:1055B800D8B02A2A800E2B56000E241A000E251A5F
:1055C800000E261A800E271A000E281A000E291A15
:1055D800000E2A1A800E2B1A2850245C29502558B0
:1055E8002A5026582B502758D8B0FDEF2AF0FFEF45
:1055F8002AF002EF2BF0D89003EF2BF0D88012009E
:10560800A2EC47F012C064F013C065F014C066F055
:1056180015C067F064C012F065C013F066C014F0DE
:1056280067C015F0E80E166E030E176E000E186EA2
:10563800000E196E3EEC3EF012C068F013C069F01F
:105648005B0EF0EC52F064C01EF065C01FF066C03F
:1056580020F067C021F0E80E226E030E236E000EC4
:10566800246E000E256E6DEC39F01EC060F01FC070
:1056780061F020C062F021C063F060C02BF061C00F
:105688002CF062C02DF063C02EF0DCEC32F02E0E50
:10569800F0EC52F068C012F069C013F0156A640E9D
:1056A800146E93EC43F01250300FF0EC52F0156A80
:1056B8000A0E146E68C012F069C013F093EC43F040
:1056C80012C019F013C01AF01C6A0A0E1B6E7FEC88
:1056D80046F01950300FF0EC52F068C019F069C06C
:1056E8001AF01C6A0A0E1B6E7FEC46F01950300F38
:1056F800F0EC52F0E40E1F6EFF0E206EF6EC4CF04C
:10570800120033BE8AEF2BF08CEF2BF097EF2BF0C3
:1057180032C03CF033C03DF0000E3DBEFF0E3E6E81
:105728003F6EB1EF2BF032C035F033C036F0000ECB
:1057380036BEFF0E376E386E351E361E371E381EC3
:10574800352A000E36223722382235C03CF036C0C2
:105758003DF037C03EF038C03FF033BEB6EF2BF017
:10576800B8EF2BF0BDEF2BF03A6A010E396EC0EF9F
:105778002BF03A6A020E396E39C03BF0DFEF2BF09E
:105788003CC012F03DC013F03EC014F03FC015F00D
:105798000A0E166E000E176E000E186E000E196EA9
:1057A800F6EC28F012C03CF013C03DF014C03EF0F7
:1057B80015C03FF03B2A3FBEEFEF2BF03F503E10A5
:1057C8003D1007E10A0E3C5CD8B0EDEF2BF0EFEF8F
:1057D8002BF0C4EF2BF0F5EF2BF0200EF0EC52F08D
:1057E8003B2A34503B5CD8A0FCEF2BF0FEEF2BF0AB
:1057F800F1EF2BF032C01FF033C020F099EC31F0FC
:105808001200286E56EF2CF0010EC7EC53F081EF12
:105818002CF0020EC7EC53F081EF2CF0030EC7EC0E
:1058280053F081EF2CF0040EC7EC53F081EF2CF00D
:10583800050EC7EC53F081EF2CF0060EC7EC53F0C1
:1058480081EF2CF0070EC7EC53F081EF2CF04FECF2
:105858004FF081EF2CF055EC54F00009D8B437EF35
:105868002CF03AEF2CF0010E3BEF2CF0000E1EEC62
:1058780054F0FDEC47F081EF2CF052EC54F00009A5
:10588800D8B449EF2CF04CEF2CF0010E4DEF2CF072
:10589800000E22EC54F0D0EC47F081EF2CF0000E13
:1058A80082EF2CF02850310AD8B408EF2CF0030A04
:1058B800D8B40DEF2CF0010AD8B412EF2CF0070A77
:1058C800D8B417EF2CF0010AD8B41CEF2CF0030A57
:1058D800D8B421EF2CF0010AD8B426EF2CF0560AE0
:1058E800D8B42FEF2CF0040AD8B441EF2CF0130AE7
:1058F800D8B42BEF2CF053EF2CF0010E1200A2ECD1
:1059080047F012C020F013C021F014C022F015C0D7
:1059180023F001016551D8A494EF2CF096EF2CF0F8
:10592800A2EF2CF0010E656F20C023F121C024F1F5
:1059380022C025F123C026F1FFEF2CF02351205C73
:105948001C6E245121581D6E255122581E6E265159
:1059580023581F6E20C023F121C024F122C025F155
:1059680023C026F11F5006E11E04D8B0BEEF2CF06C
:10597800C0EF2CF0C6EF2CF01CC024F01DC025F0A1
:10598800C8EF2CF02468256824C059F125C05AF1C5
:1059980053515411D8B4D3EF2CF0D5EF2CF0E0EFDD
:1059A8002CF05751245C58512558D8B0DEEF2CF014
:1059B800E0EF2CF0E4EF2CF024C057F125C058F1AB
:1059C8002450555D25505659D8B0EDEF2CF0EFEF27
:1059D8002CF0F3EF2CF024C055F125C056F15329D3
:1059E80008E15429D8B4FBEF2CF0FDEF2CF0FFEFC1
:1059F8002CF0534B542B12001E501F10D8B407EF35
:105A08002DF009EF2DF012EF2DF020502110D8A421
:105A180010EF2DF012EF2DF015EF2DF0000E7CEFAA
:105A28002DF01E50205C1F502158D8A01EEF2DF0DD
:105A380020EF2DF026EF2DF020C026F021C027F012
:105A48002AEF2DF01EC026F01FC027F01E50205C44
:105A58001F502158D8A033EF2DF035EF2DF03DEF32
:105A68002DF01E50205C286E1F502158296E43EFE0
:105A78002DF020501E5C286E21501F58296E26C01C
:105A880012F027C013F0146A156A0A0E166E000E7B
:105A9800176E000E186E000E196E14EC45F012C049
:105AA80022F013C023F014C024F015C025F028C03C
:105AB80012F029C013F0146A156A640E166E000EEF
:105AC800176E000E186E000E196E14EC45F0125089
:105AD800225C135023581450245815502558D8B018
:105AE80078EF2DF07BEF2DF0010E7CEF2DF0000EFE
:105AF8001200146ED0EF2DF0BAB485EF2DF088EFB8
:105B08002DF0010E89EF2DF0000EF9EF2DF0BAB649
:105B180090EF2DF093EF2DF0010E94EF2DF0000E85
:105B2800F9EF2DF0BAB89BEF2DF09EEF2DF0010E96
:105B38009FEF2DF0000EF9EF2DF0BABAA6EF2DF079
:105B4800A9EF2DF0010EAAEF2DF0000EF9EF2DF0C0
:105B5800BABEB1EF2DF0B4EF2DF0010EB5EF2DF078
:105B6800000EF9EF2DF0BBBABCEF2DF0BFEF2DF012
:105B7800010EC0EF2DF0000EF9EF2DF0BBB8C7EF06
:105B88002DF0CAEF2DF0010ECBEF2DF0000EF9EF3E
:105B98002DF0000EF9EF2DF01450126E136A135009
:105BA800000AD8B4DAEF2DF0CDEF2DF01250000A2C
:105BB800D8B480EF2DF0010AD8B48BEF2DF0030A8A
:105BC800D8B496EF2DF0010AD8B4A1EF2DF0070A4A
:105BD800D8B4ACEF2DF0010AD8B4B7EF2DF0030A12
:105BE800D8B4C2EF2DF0CDEF2DF01200010E7AECF3
:105BF8004AF0F20E1F6EFC0E206EF6EC4CF086ECAE
:105C080054F00009D8A40BEF2EF00DEF2EF013EF8F
:105C18002EF0E00E286EFB0E296E17EF2EF06D0E9B
:105C2800286EFC0E296E28C01FF029C020F0F6EC63
:105C38004CF0400E1F6EFE0E206EF6EC4CF0E2ECBF
:105C480053F012C01FF013C020F010EC3AF0150EFC
:105C58001F6EFF0E206EF6EC4CF0E7EC53F012C00E
:105C68001FF013C020F010EC3AF0B70E1F6EFD0EB7
:105C7800206EF6EC4CF0ECEC53F012C01FF013C0A1
:105C880020F010EC3AF02A6A200EF0EC52F02A507C
:105C98009FEC4AF012C01FF013C020F0F6EC4CF055
:105CA8003D0EF0EC52F02A506FEC4DF012C01FF090
:105CB80013C020F010EC3AF02A2A080E2A6467EF85
:105CC8002EF069EF2EF048EF2EF0940E1F6EFA0EAC
:105CD800206EF6EC4CF0000E7AEC4AF0120073ECF1
:105CE80047F0600057F0D9FF60005BF0DAFFDF6E25
:105CF8001D6A1D508CEC4DF01D501524176E000EBA
:105D08001620186E010E1724D96E000E1820DA6EB0
:105D180060004BF0DFFF1D2A030E1D6496EF2EF086
:105D280098EF2EF07DEF2EF01D6A1D50040F8CECBD
:105D38004DF012C01BF013C01CF01D50020D6F0077
:105D4800CCFF17F06F00D0FF18F017501524196E0C
:105D5800185016201A6E050E1924D96E000E1A2036
:105D6800DA6E1C50DF6E1D50020D6F00CCFF17F06D
:105D78006F00D0FF18F017501524196E1850162010
:105D88001A6E060E1924D96E000E1A20DA6E6000FB
:105D98006FF0DFFF1D2A010E1D64D5EF2EF0D7EF3F
:105DA8002EF099EF2EF020EE09F01550D926165056
:105DB800DA2286EC54F00009D8A4E5EF2EF0E8EFDB
:105DC8002EF0010EE9EF2EF0000EDF6E12001D6EB0
:105DD80043EC47F00009D8A4F4EF2EF0F6EF2EF0CC
:105DE800F9EF2EF0000E60EF2FF060006BF056FD1B
:105DF800000E126E1D504EEC3BF00009D8A407EFC0
:105E08002FF009EF2FF00BEF2FF0F6EF2EF01E6AB0
:105E180022EF2FF020EC43F00009D8A416EF2FF062
:105E280018EF2FF01AEF2FF0F6EF2EF019501E246E
:105E3800D96EDA6ADF503D01556F1E2A1A501E5C72
:105E4800D8A029EF2FF02BEF2FF00EEF2FF06000E6
:105E580073F056FD010E126E1D504EEC3BF000091A
:105E6800D8A439EF2FF03BEF2FF03DEF2FF0F6EFEE
:105E78002EF01E6A54EF2FF013EC47F00009D8A457
:105E880048EF2FF04AEF2FF04CEF2FF0F6EF2EF0FF
:105E98001B501E24D96EDA6A6F0053F5DFFF1E2AE5
:105EA8001C501E5CD8A05BEF2FF05DEF2FF040EF89
:105EB8002FF0E7EC4AF0010E12001E6A1E50030D87
:105EC800490EF3241A6EEE0EF4201B6E60006BF080
:105ED800F6FF60006FF0F7FF0800F55067EC4FF031
:105EE80012C01CF013C01DF0600073F0D9FF6000F1
:105EF80077F0DAFFDF50D8A484EF2FF086EF2FF089
:105F080088EF2FF0CBEF2FF020EE01F01C50D926B0
:105F18001D50DA22010E1A24176E000E1B20186E6F
:105F280060005FF0F6FF600063F0F7FF0800F550CF
:105F3800DEEC48F0196EDE501918D8A4A6EF2FF041
:105F4800A8EF2FF0C8EF2FF020EE02F01C50D92652
:105F58001D50DA22020E1A24176E000E1B20186E2E
:105F680060005FF0F6FF600063F0F7FF0800F5508F
:105F7800DEEC48F0196EDE501918D8B4C6EF2FF0D1
:105F8800C8EF2FF0CBEF2FF0010ED5EF2FF01E2A20
:105F9800020E1E64D2EF2FF0D4EF2FF062EF2FF035
:105FA800000E1200256EF6C123F00101F669100EED
:105FB8002518D8A4E2EF2FF0E4EF2FF0E9EF2FF047
:105FC8001E50C7EC38F04AEF30F0610E2518D8A4FF
:105FD800F0EF2FF0F2EF2FF0F7EF2FF01E5023EC39
:105FE80052F04AEF30F0100E2564FDEF2FF0FFEF6E
:105FF8002FF012EF30F0150E256005EF30F007EFA7
:1060080030F012EF30F01E50156E166A15BE1606E7
:106018002550EF0FC5EC1EF04AEF30F0140E256442
:1060280018EF30F01AEF30F04AEF30F0190E256013
:1060380020EF30F022EF30F04AEF30F02550EB0F30
:10604800246E24B02AEF30F02CEF30F032EF30F02D
:106058001EC06BF125C0F6F14AEF30F02504231875
:10606800D8A439EF30F03BEF30F04AEF30F06B5105
:106078001F6E1E50216E1FC022F021C015F022C0D5
:1060880016F0D8902430040FC5EC1EF012003A6EBA
:10609800030E3A6452EF30F054EF30F057EF30F01F
:1060A800000EBCEF30F03A50020D010EF326000E40
:1060B800F422110EF324F66EEE0EF420F76E0800AB
:1060C8006F00D4FF1FF0380E206E3A50020D110EEB
:1060D800F324F66EEE0EF420F76E0800F55035EC5A
:1060E80049F00009D8A47BEF30F07DEF30F07FEF66
:1060F80030F054EF30F038C02BF039C02CF00C0ED3
:106108002E6EE40E2D6EDFEC44F02BC036F02CC062
:1061180037F036C012F037C013F0146A156A660EED
:10612800166E170E176E000E186E000E196E14EC10
:1061380045F012C01EF013C01FF014C020F015C0A7
:1061480021F0E80E226E030E236E000E246E000E60
:10615800256E6DEC39F06000D3F0D9FF6000D7F000
:10616800DAFF60007BF0DEFF60007FF0DDFF010EEC
:1061780012000001686FCF0E00016825696F6A6B15
:10618800FF0E6A236ABFCBEF30F0CDEF30F010EF8F
:1061980031F06ABFDBEF30F06A5107E1060E695D46
:1061A800D8B0D9EF30F0DBEF30F010EF31F069C044
:1061B80049F0010EB0EC3DF0010E2BEF31F0010E6D
:1061C8004924196E1A6A000E1A221C6A060E1B6EE2
:1061D8007FEC46F01950496E010EB0EC3DF0E0EF4F
:1061E80030F0010E3CEC44F0E0EF30F0000E3CECF7
:1061F80044F0E0EF30F0E2EC27F0E0EF30F00BECA9
:106208004BF0290E216EF90E226EE3EC52F0E0EF0E
:1062180030F0000E2BEF31F068512B0AD8B4F5EFAF
:1062280030F0060AD8B4FAEF30F0100AD8B4F5EF17
:1062380030F0690AD8B403EF31F0380AD8B4FFEF68
:1062480030F0180AD8B4E3EF30F00DEF31F0120057
:106258003A6A000E396E32C01FF033C020F0F6ECF7
:106268004CF0390E126E136A3450DEEC49F0000916
:10627800D8B441EF31F043EF31F092EF31F0156AC5
:106288000A0E146E39C012F03AC013F093EC43F0C2
:1062980012C019F013C01AF01C6A640E1B6E7FEC52
:1062A80046F019C037F01AC038F039C012F03AC0B9
:1062B80013F0030E156EE80E146E93EC43F012C043
:1062C80035F013C036F035C01FF036C020F099EC19
:1062D80031F02E0EF0EC52F037C012F038C013F047
:1062E800156A0A0E146E93EC43F01250300FF0EC5E
:1062F80052F037C019F038C01AF01C6A0A0E1B6E2B
:106308007FEC46F01950300FF0EC52F0DF0E1F6EA4
:10631800FF0E206EF6EC4CF098EF31F0F30E1F6E86
:10632800FF0E206EF6EC4CF012002F6A20BEA1EF93
:1063380031F09FEF31F0B2EF31F02D0EF0EC52F06A
:106348001FC021F020C022F0211E221E214A222A2D
:1063580021C030F022C031F0B6EF31F01FC030F06C
:1063680020C031F030503110D8A4BDEF31F0BFEF6C
:1063780031F0E2EF31F0300EF0EC52F005EF32F090
:106388002F50230FD96EDA6A30C019F031C01AF0D5
:106398001C6A0A0E1B6E7FEC46F01950300FDF6E38
:1063A8002F2A30C012F031C013F0156A0A0E146E8D
:1063B80093EC43F012C030F013C031F0305031107C
:1063C800D8B4E9EF31F0EBEF31F0FDEF31F00B0E1F
:1063D8002F64F1EF31F0F3EF31F0C4EF31F0FDEF5E
:1063E80031F02F062F50230FD96EDA6ADF50F0EC08
:1063F80052F02F50D8A403EF32F005EF32F0F5EF4A
:1064080031F01200236EDEEC4FF00009D8B40FEF24
:1064180032F011EF32F016EF32F01E6A000E1D6EE8
:1064280070EF32F0020E2318D8B41DEF32F01FEFD0
:1064380032F024EF32F0226A360E216E27EF32F066
:10644800226A380E216E2150C6EC3EF012C026F0AA
:1064580013C027F023501F6E206A0A0ED8901F36EB
:106468002036E82E32EF32F01FC024F020C025F08D
:10647800262808E12728D8B444EF32F046EF32F056
:1064880011EF32F0D8902530206E24301F6E1F5047
:10649800265C20502758D8A054EF32F056EF32F03F
:1064A80011EF32F0D8902530206E24301F6E245022
:1064B8001F262550202226501F5C27502058D8B070
:1064C80068EF32F06AEF32F06CEF32F011EF32F031
:1064D80026C01DF027C01EF012002A6E27C012F039
:1064E8002A504AEC3FF0B6EF32F0040E1D6E27C07A
:1064F8001EF0100E60EC49F0DBEF32F0070E1D6E57
:1065080027C01EF0100E60EC49F0DBEF32F0000EF1
:106518001D6E27C01EF0110E60EC49F0DBEF32F063
:10652800030E1D6E27C01EF0110E60EC49F0DBEF64
:1065380032F0040E1D6E27C01EF0110E60EC49F0FB
:10654800DBEF32F0070E1D6E27C01EF0110E60EC57
:1065580049F0DBEF32F027C019F02A508EEC1FF01B
:10656800DBEF32F02A50286E296A2950000AD8B485
:10657800C0EF32F0AFEF32F02850070AD8B479EF05
:1065880032F00F0AD8B482EF32F0010AD8B48BEF98
:1065980032F0030AD8B494EF32F0010AD8B49DEF70
:1065A80032F0070AD8B4A6EF32F0AFEF32F012009B
:1065B8003A6A2B502C102D102E10D8A4E6EF32F08A
:1065C800E8EF32F021EF33F0300EF0EC52F046EF06
:1065D80033F03A502F0FD96EDA6A2BC012F02CC064
:1065E80013F02DC014F02EC015F00A0E166E000E12
:1065F800176E000E186E000E196E3EEC3EF012502B
:10660800300FDF6E3A2A2BC01EF02CC01FF02DC0B1
:1066180020F02EC021F00A0E226E000E236E000E0E
:10662800246E000E256E6DEC39F01EC02BF01FC0D5
:106638002CF020C02DF021C02EF02B502C102D1046
:106648002E10D8B42AEF33F02CEF33F03EEF33F0AE
:106658000A0E3A6432EF33F034EF33F0EDEF32F0F4
:106668003EEF33F03A063A502F0FD96EDA6ADF5010
:10667800F0EC52F03A50D8A444EF33F046EF33F040
:1066880036EF33F01200466A456A446A436A0101EC
:106698006A6B696BF6690201006B016B036B000E94
:1066A800026F056B000E046F076B000E066F086B18
:1066B800116B126B136B246B256B266B2F6B126A95
:1066C8001250020D090EF324D96E020EF420DA6E70
:1066D800DE6ADD6A122A030E126475EF33F077EF73
:1066E80033F064EF33F0126A1250020D140EF324E3
:1066F800D96E020EF420DA6EDE6ADD6A122A070EFF
:10670800126489EF33F08BEF33F078EF33F0126ACD
:10671800270E1224D96EDA6A020EDA22DF6A122AEA
:10672800070E12649AEF33F09CEF33F08CEF33F0DE
:10673800126A1250020D300EF324D96E020EF420A4
:10674800DA6EDE6ADD6A122A050E1264AEEF33F0E5
:10675800B0EF33F09DEF33F01200390193AFB7EF8C
:1067680033F0B9EF33F0C2EF33F0A3AFBEEF33F03D
:10677800C0EF33F0C2EF33F032EC53F0390193A39A
:10678800C8EF33F0CAEF33F0D3EF33F0A3A3CFEF62
:1067980033F0D1EF33F0D3EF33F09CEC3BF0390119
:1067A80092AFD9EF33F0DBEF33F0E4EF33F0A2AF81
:1067B800E0EF33F0E2EF33F0E4EF33F097EC4FF033
:1067C800390193A1EAEF33F0ECEF33F0F5EF33F052
:1067D800A3A1F1EF33F0F3EF33F0F5EF33F04EEC24
:1067E80050F0390193A5FBEF33F0FDEF33F006EFDE
:1067F80034F0A3A502EF34F004EF34F006EF34F0E0
:10680800A5EC51F0390190AF0CEF34F00EEF34F0F5
:1068180017EF34F0A0AF13EF34F015EF34F017EFA3
:1068280034F0F5EC4FF01100156E15A01EEF34F0A2
:1068380020EF34F026EF34F08F0E126EFF0E136E39
:106848007CEF34F015A22BEF34F02DEF34F033EF5A
:1068580034F08B0E126EFF0E136E7CEF34F015C001
:1068680014F0C00E1416D8B43CEF34F03EEF34F0F8
:1068780044EF34F0870E126EFF0E136E7CEF34F087
:1068880015AA49EF34F04BEF34F051EF34F0DE0E37
:10689800126EFF0E136E7CEF34F015A856EF34F02D
:1068A80058EF34F05EEF34F0930E126EFF0E136E55
:1068B8007CEF34F015A463EF34F065EF34F06BEF40
:1068C80034F0E30E126EFE0E136E7CEF34F015A654
:1068D80070EF34F072EF34F078EF34F0E10E126EAE
:1068E800FF0E136E7CEF34F0DE0E126EFE0E136E8A
:1068F80012002D6EBAEF34F0010E0101786FDFEF50
:1069080034F0010E0101776FDFEF34F06DEC54F0D5
:10691800276E010E71EC32F06AEC54F0276E020E0D
:1069280071EC32F0DFEF34F0010E276E070E71ECD8
:1069380032F0010E276E080E71EC32F0010E276E50
:10694800090E71EC32F0010E276E0A0E71EC32F06E
:10695800DFEF34F0010E276E0B0E71EC32F0010EF2
:10696800276E0C0E71EC32F0DFEF34F02D502B6EE9
:106978002C6A2C50000AD8B4C4EF34F0DFEF34F09E
:106988002B50000AD8B480EF34F0010AD8B485EF50
:1069980034F0030AD8B48AEF34F0010AD8B498EF77
:1069A80034F0070AD8B4AEEF34F0010AD8B4DFEFF8
:1069B80034F0DFEF34F01200010E7AEC4AF0480EA2
:1069C8001F6EFC0E206EF6EC4CF000EC54F012C07A
:1069D8001FF013C020F010EC3AF0C50E1F6EFD0E2C
:1069E800206EF6EC4CF0F6EC53F012C01FF013C01A
:1069F80020F010EC3AF0B00E1F6EFD0E206EF6EC93
:106A08004CF0FBEC53F012C01FF013C020F010EC58
:106A18003AF0F60E1F6EFD0E206EF6EC4CF07CEC94
:106A280054F07EEC45F012C01FF013C020F0F6ECD5
:106A38004CF0880E1F6EFE0E206EF6EC4CF079ECD2
:106A480054F00009D8A42BEF35F02DEF35F032EFD4
:106A580035F0296A300E286E35EF35F0296A310E87
:106A6800286E2850F0EC52F0940E1F6EFA0E206E2D
:106A7800F6EC4CF0000E7AEC4AF012003B6E82EF16
:106A880035F092EC25F0A1EF35F0A70E216EFF0E40
:106A9800226E100E73EC44F0A1EF35F0AB0E216EB0
:106AA800FF0E226E200E73EC44F0A1EF35F0010EBC
:106AB800216EFF0E226E010E73EC44F0A1EF35F04B
:106AC800060E216EFF0E226E020E73EC44F0A1EF4B
:106AD80035F05C0E306EFC0E316E000EBBEC36F0FD
:106AE800A1EF35F02E0E306EFF0E316E050EBBECA9
:106AF80036F0A1EF35F0000EA2EF35F03B50310A29
:106B0800D8B449EF35F0030AD8B452EF35F0010A8A
:106B1800D8B45BEF35F0070AD8B464EF35F0010A52
:106B2800D8B46DEF35F0030AD8B476EF35F0650ABE
:106B3800D8B445EF35F07FEF35F0010E1200600E46
:106B4800126E2AEC48F0010E7AEC4AF04C0E1F6ED9
:106B5800FE0E206EF6EC4CF05DC11FF05EC120F019
:106B680010EC3AF0100E1F6EFF0E206EF6EC4CF093
:106B7800A2EC47F012C02BF013C02CF014C02DF07B
:106B880015C02EF0DCEC32F05D0E1F6EFB0E206E91
:106B9800F6EC4CF060C01FF061C020F010EC3AF049
:106BA800610E1F6EFD0E206EF6EC4CF062C01FF0F9
:106BB80063C020F010EC3AF0910E1F6EFD0E206EAF
:106BC800F6EC4CF064C01FF065C020F010EC3AF011
:106BD800E80E1F6EFC0E206EF6EC4CF066C01FF03F
:106BE80067C020F010EC3AF0490E1F6EFD0E206EC3
:106BF800F6EC4CF0000E7AEC4AF01200256E940E7A
:106C0800216EFA0E226EE3EC52F02BEF36F061ECB7
:106C180053F058EF36F058EC53F058EF36F085EC57
:106C280053F058EF36F08EEC53F058EF36F073EC23
:106C380053F058EF36F097EC53F058EF36F06AEC13
:106C480053F058EF36F07CEC53F058EF36F02550FF
:106C5800236E246A2450000AD8B435EF36F027EFA3
:106C680036F02350000AD8B427EF36F0010AD8B41A
:106C78000BEF36F0030AD8B40FEF36F0010AD8B498
:106C880013EF36F0070AD8B417EF36F0010AD8B474
:106C98001BEF36F0030AD8B41FEF36F0010AD8B458
:106CA80023EF36F027EF36F0940E216EFA0E226E9F
:106CB800E3EC52F01200C5EC37F0A0EC52F0B1EC66
:106CC80048F0F5EC50F054EC52F0E1EC50F0A3EC45
:106CD80050F08EEC50F047EC33F042EC54F035ECC9
:106CE8004EF0D28E61EC54F0050E0001F36F0F0EDA
:106CF800F26FF10EE82EFED7F22FFCD7F32FFAD75A
:106D080084EC48F000EC3BF038EC50F00BEC4BF026
:106D18008CEC40F061EC3AF06DEC22F0DCEC51F0D8
:106D280008EC3FF0A2EC47F012C033F113C034F185
:106D380014C035F115C036F1D6EC52F0010E7AECDC
:106D48004AF06C0E1F6EF90E206EF6EC4CF0000E39
:106D58007AEC4AF0B8EC53F005EC54F0CEEC53F072
:106D680010EC00F03EEC54F031EC51F01200346EAF
:106D78003450D8A4C2EF36F0C4EF36F0D0EF36F076
:106D880084EC54F073EC4BF0356E355016EC54F03F
:106D980008EC3FF0DAEF36F04FEC54F073EC4BF0C0
:106DA800356E35501AEC54F0A9EC44F0010E7AEC2B
:106DB8004AF030C01FF031C020F0F6EC4CF0200E45
:106DC800F0EC52F035500AEC49F012C01FF013C035
:106DD80020F0F6EC4CF0690E1F6EFD0E206EF6ECFE
:106DE8004CF034507DEC2DF00009D8A4FEEF36F0BD
:106DF80000EF37F005EF37F0336A300E326E08EFE8
:106E080037F0336A310E326E3250F0EC52F0870EA2
:106E18001F6EFA0E206EF6EC4CF0000E7AEC4AF07B
:106E280012000001F26B72EC42F00009D8B41FEFB7
:106E380037F021EF37F023EF37F00001F28100EC53
:106E480052F0EAC0EEF0EBC0EFF0ECC0F0F0EDC0AD
:106E5800F1F0C6EC4DF00009D8B435EF37F037EF54
:106E680037F039EF37F00001F283EEEC51F0EAC069
:106E7800EEF0EBC0EFF0ECC0F0F0EDC0F1F0C6ECD6
:106E88004DF00009D8B44BEF37F04DEF37F04FEF26
:106E980037F00001F285EAEC3BF00009D8B457EF6F
:106EA80037F059EF37F05BEF37F00001F28761EC0C
:106EB8002FF00009D8B463EF37F065EF37F067EFCC
:106EC80037F00001F289F2C064F10001F251411279
:106ED800120039017C9F689F6969100E676F210E47
:106EE800666F62696369689368997C957C9D7C93F9
:106EF80014503F0B786F60004FF077F960004BF04B
:106F080076F918503F0B7B6F60005FF07AF96000EC
:106F18005BF079F9688F688D7C8F7C8B1C6A000E1A
:106F28001B6E7CBB9AEF37F09CEF37F0B2EF37F06F
:106F380068BBA1EF37F0A3EF37F0B2EF37F01A5084
:106F4800D96EDA6A6E008BF5DEFF6E008FF5DDFF15
:106F5800689D689F7C9F010EC4EF37F01B4A1C2A6E
:106F6800600E1B5CEA0E1C58D8A0BDEF37F0BFEFCF
:106F780037F095EF37F07C9B7C9F689D689F000EEB
:106F880012006F00C0FF13F0126A0101686B000164
:106F9800F86B0101676B426AFC6913B2D6EF37F0F0
:106FA800D8EF37F0D9EF37F0128013B0DEEF37F0B3
:106FB800E0EF37F0E8EF37F012B0E5EF37F0E7EF42
:106FC80037F0E8EF37F0128213B6EDEF37F0EFEF56
:106FD80037F0F0EF37F0128413B4F5EF37F0F7EF2E
:106FE80037F0F8EF37F0128613B8FDEF37F0FFEF00
:106FF80037F000EF38F0128813BA05EF38F007EFD2
:1070080038F008EF38F0128A13AC0DEF38F00FEFB4
:1070180038F010EF38F0128E13AE15EF38F017EF86
:1070280038F018EF38F0128C12C0F9F03F0EF06EFD
:107038001200100E286E29EF38F034EC52F02AC0F6
:107048001EF02950D6EC2FF028062850D8B42FEF80
:1070580038F031EF38F03DEF38F0290E126E84EC3D
:107068003CF00009D8A43BEF38F03DEF38F021EFB1
:1070780038F034EC52F001016951D8B446EF38F0D9
:1070880048EF38F072EF38F0D2BE4DEF38F050EFDD
:1070980038F0010E51EF38F0000E276ED29E4550A1
:1070A8004418D8A45AEF38F05CEF38F060EF38F0A5
:1070B800C1EC41F00101696B2750D8A466EF38F0A4
:1070C8006AEF38F0266A262A6BEF38F0266A2632ED
:1070D8002632D25026187F0B2618D26E12000001D5
:1070E8006D6FB1EF38F0FAEC2DF0C5EF38F086ECA3
:1070F80054F00009D8B483EF38F086EF38F0010E69
:1071080087EF38F0000E91EC52F077EF38F0E7ECAB
:1071180053F012C03EF013C03FF0080E7FEC51F060
:10712800E7EC53F012C067F013C068F0A50E000139
:107138006A6FA50E696FA50E6C6FA40E6B6F080EB3
:10714800CDEC50F0FAEC2DF0C5EF38F0E2EC4DF054
:1071580077EF38F0000EC6EF38F000016D51400AA5
:10716800D8B47BEF38F0050AD8B48BEF38F02B0A87
:10717800D8B477EF38F0140AD8B4AAEF38F0AEEFE5
:1071880038F0010E12001D6E1DB0CDEF38F0D0EFB3
:1071980038F0010ED1EF38F0000E2EEC54F01DB28D
:1071A800D8EF38F0DBEF38F0010EDCEF38F0000EE6
:1071B8002AEC54F01DB4E3EF38F0E6EF38F0010E96
:1071C800E7EF38F0000ECAEC51F01DB8EEEF38F0DA
:1071D800F1EF38F0010EF2EF38F0000E196E010EE3
:1071E8008EEC1FF01DBAFBEF38F0FEEF38F0010E01
:1071F800FFEF38F0000E196E020E8EEC1FF01DB86E
:1072080008EF39F00BEF39F0010E0CEF39F0000EF2
:1072180036EC54F01DBA13EF39F016EF39F0010EC1
:1072280017EF39F0000E32EC54F01200166E47EFEB
:1072380039F0C70E126EFF0E136E6CEF39F0F60EB2
:10724800126EFF0E136E6CEF39F0470E126EFF0EC2
:10725800136E6CEF39F0F90E126EFF0E136E6CEFB1
:1072680039F01C0E126EFB0E136E6CEF39F0CB0E5C
:10727800126EFF0E136E6CEF39F0FC0E126EFF0EDD
:10728800136E6CEF39F01650146E156A1550000A1B
:10729800D8B451EF39F041EF39F01450000AD8B49E
:1072A8001DEF39F0010AD8B423EF39F0030AD8B436
:1072B80029EF39F0010AD8B42FEF39F0070AD8B40A
:1072C80035EF39F0010AD8B43BEF39F041EF39F026
:1072D8001200000E266E000E276E000E286E000E9D
:1072E800296E2250231024102510D8B47EEF39F0CF
:1072F80080EF39F0B6EF39F0010E2A6E8AEF39F0D7
:10730800D89022362336243625362A2A25AE8FEF02
:1073180039F091EF39F084EF39F0D89026362736D6
:107328002836293622501E5C23501F5824502058D6
:1073380025502158D8A0A3EF39F0A5EF39F0AEEFCA
:1073480039F022501E5E23501F5A2450205A2550CF
:10735800215A2680D89025322432233222322A2EEE
:1073680091EF39F026C01EF027C01FF028C020F08A
:1073780029C021F012002D502E10D8B4C6EF39F0D4
:10738800C8EF39F0D2EF39F02D280F0E2E58D8A0BB
:10739800D0EF39F0D2EF39F0D7EF39F02C6A000E80
:1073A8002B6E0FEF3AF02BC012F02CC013F0146ABA
:1073B800156AFF0E166E0F0E176E000E186E000E71
:1073C800196E14EC45F012C01EF013C01FF014C063
:1073D80020F015C021F02DC022F02EC023F0246A21
:1073E800256A6DEC39F01EC02FF01FC030F020C0A8
:1073F80031F021C032F0325008E13104D8A007EF53
:107408003AF009EF3AF00BEF3AF0D2EF39F02FC02B
:107418002BF030C02CF01200276A1F502010D8A47F
:1074280018EF3AF01AEF3AF03DEF3AF0300EF0EC80
:1074380052F060EF3AF02750210FD96EDA6A1FC078
:1074480019F020C01AF01C6A0A0E1B6E7FEC46F079
:107458001950300FDF6E272A1FC012F020C013F01A
:10746800156A0A0E146E93EC43F012C01FF013C095
:1074780020F01F502010D8B444EF3AF046EF3AF00D
:1074880058EF3AF0050E27644CEF3AF04EEF3AF019
:107498001FEF3AF058EF3AF027062750210FD96E20
:1074A800DA6ADF50F0EC52F02750D8A45EEF3AF0D9
:1074B80060EF3AF050EF3AF01200260E1D6E340ECF
:1074C8001E6E350E1F6E6FEC28F0366E01015C6B78
:1074D800000E5B6F476A0001FA6901016C6BA2EC50
:1074E80047F012C02BF113C02CF114C02DF115C0B8
:1074F8002EF1A2EC47F0A00E12240101276F150E01
:107508001320286FFF0E1420296FFF0E15202A6FF5
:1075180036C06DF13650D8B494EF3AF096EF3AF0A1
:10752800A6EF3AF0290E1A6E37EC3CF02950330BCF
:10753800E2EC46F0290E136E92EC51F0010E486E03
:10754800AAEF3AF0330EE2EC46F0486AA00E156E48
:10755800020E166E73EC2EF0120083EC2CF085EC04
:1075680041F01DEC38F05FEC19F08CEC14F008ECED
:107578003FF0CCEC43F0A9EC44F015EC37F010ECFC
:1075880000F0BCEC52F004EC44F080EC10F0F3ECAA
:107598001DF0BCEC23F012EC54F033C11CF034C1E4
:1075A8001DF035C11EF036C11FF082EC52F01F509D
:1075B8001E100BE1E80E1C5C030E1D58D8A0E7EF67
:1075C8003AF0E9EF3AF0FFEF3AF0A2EC47F012C0D8
:1075D80033F113C034F114C035F115C036F155EC50
:1075E80054F00009D8B4FBEF3AF0FDEF3AF0FFEFA2
:1075F8003AF00AEC54F012000101826BA2EC47F059
:1076080012C0F4F013C0F5F014C0F6F015C0F7F08E
:10761800010E0101816F806B7F6BF4C047F1F5C0EB
:1076280048F1F6C049F1F7C04AF1F4C043F1F5C09A
:1076380044F1F6C045F1F7C046F17E6B4D6A000192
:10764800FC6B01017D6B7C6BF4C03FF1F5C040F130
:10765800F6C041F1F7C042F17B6BF4C03BF1F5C0D5
:107668003CF1F6C03DF1F7C03EF1A26B000EA16FF0
:10767800A06B000E9F6F9E6B000E9D6FBB80BB962C
:107688003A016583668365856685679367953901E1
:10769800908F1200146E200E156E4E0E166E000E90
:1076A800176E000E186E3D01576B1250D8A45FEF8D
:1076B8003BF063EF3BF0136A132A64EF3BF0136A65
:1076C8001450142413103D01586F5D8B71EF3BF07B
:1076D8001506000E165A175A185A5DAB76EF3BF08E
:1076E80078EF3BF083EF3BF0155016101710181089
:1076F800D8A481EF3BF083EF3BF06CEF3BF01550E3
:10770800161017101810D8A48CEF3BF08EEF3BF032
:1077180091EF3BF0000E9BEF3BF05EAB96EF3BF03A
:1077280098EF3BF09AEF3BF08EEF3BF0010E120022
:107738006F00E4F511F011A6A4EF3BF0A6EF3BF0C3
:10774800CCEF3BF03D016C696DB1ADEF3BF0B0EFB4
:107758003BF0010EB1EF3BF0000E106E1050D8B4A4
:10776800B8EF3BF0BBEF3BF0010EBCEF3BF0000E77
:1077780001017A6F10C04BF01050D8B4C6EF3BF03F
:10778800C8EF3BF0CCEF3BF03D01788545EC51F07C
:1077980011A4D1EF3BF0D3EF3BF0D9EF3BF0B8ECBD
:1077A80050F0010E01017A6F4B6A1150D8B4DFEF27
:1077B8003BF0E1EF3BF0E7EF3BF01150FF0A3D01F2
:1077C8007915796F73993901A3931200176A150E09
:1077D800126E136A1750DEEC49F00009D8A4F7EFCF
:1077E8003BF0F9EF3BF0FBEF3BF02CEF3CF0175090
:1077F800040DBF0EF324F66EED0EF420F76E0900AB
:10780800F550155C0900F5501658D8A00EEF3CF05D
:1078180010EF3CF029EF3CF01750040D020EF32650
:10782800000EF422BF0EF324F66EED0EF420F76E70
:1078380015500900F55C16500900F558D8B027EF27
:107848003CF029EF3CF02CEF3CF0010E36EF3CF019
:10785800172A030E176433EF3CF035EF3CF0EBEFDB
:107868003BF0000E1200206A216A1A502124D96EBA
:10787800DA6A010ED926DF50156E166A15BE16068D
:107888002150C5EC1EF0212A030E21644EEF3CF076
:1078980050EF3CF039EF3CF0202A010E206457EFFE
:1078A8003CF059EF3CF038EF3CF0216A2150020DD2
:1078B8001A50F324D96EDA6A060ED926DF501B6EE9
:1078C8002150020D1A50F324D96EDA6A050ED92612
:1078D800DF501C6E1B501E6E1CC01FF01EC015F022
:1078E8001FC016F02150040FC5EC1EF0212A010E0E
:1078F800216481EF3CF083EF3CF05AEF3CF012003A
:10790800156AD2BE8AEF3CF08DEF3CF0010E8EEF87
:107918003CF0000E146ED29E45504418D8B497EF30
:107928003CF099EF3CF0BCEF3CF04450020D3C0EAB
:10793800F324D96E020EF420DA6E1250E16EE26A78
:107948006F007FFFE7FF4450020D3D0EF324D96E10
:10795800020EF420DA6E1250E16EE26A010EE126A0
:107968006F007FFFE7FF44280F0B446E010E156E72
:107978001450D8A4C2EF3CF0C6EF3CF0136A132AA7
:10798800C7EF3CF0136A13321332D25013187F0B2F
:107998001318D26E155012001EEC53F0186E14EC2A
:1079A80053F0196E010E166E1850D8A4DEEF3CF095
:1079B800E0EF3CF0E9EF3CF01950D8A4E6EF3CF0DA
:1079C800E8EF3CF0E9EF3CF0166A1650D8A4EFEF68
:1079D8003CF0F2EF3CF0010EF3EF3CF0000E1A6EB3
:1079E800176A1850D8A4FBEF3CF0FDEF3CF007EF06
:1079F8003DF01950D8A403EF3DF005EF3DF007EF37
:107A08003DF0010E176E1750D8A40DEF3DF010EFA2
:107A18003DF0010E11EF3DF0000E1B6E18C012F084
:107A280019C013F01AC014F01BC015F01200126E22
:107A3800550E3A01BF6FAA0EBF6FBF91210E136F8B
:107A4800130EE36F220E146F140EE46F550EBF6F02
:107A5800AA0EBF6FBF81125012243D016F6F6F00D5
:107A6800BFF570FD6F00BFF571FD6F00BFF572FDCA
:107A7800736B800E746F756B6C693901A29FA3914B
:107A8800A3953D0176993901A3933D01799579979D
:107A9800796B766B3901928F938193853D0176815D
:107AA800390193833D017A817A837A857A877A8945
:107AB8007A8D4C6A010E01017A6F4B6A796B3D0130
:107AC800738F1200040E135CD8B06DEF3DF06FEFAA
:107AD8003DF079EF3DF0DEEC4FF00009D8B477EFD8
:107AE8003DF079EF3DF07CEF3DF0000EAFEF3DF05B
:107AF80001016E6B3901E56B60004BF0E0F9135042
:107B0800E16F600053F0E3F9E585D2BE8EEF3DF0FA
:107B180091EF3DF0010E92EF3DF0000E166ED29EF1
:107B2800550EE66FAA0EE66FE5831650D8A49FEFB0
:107B38003DF0A3EF3DF0156A152AA4EF3DF0156A54
:107B480015321532D25015187F0B1518D26E39011F
:107B5800E595A099010E1200326E49C035F0010E6C
:107B68007AEC4AF035503AEC4CF012C01FF013C0D2
:107B780020F0F6EC4CF03D0EF0EC52F035508CEC69
:107B88004DF012C01FF013C020F099EC31F03250C4
:107B9800D8A4D1EF3DF0D3EF3DF0D9EF3DF0A20EE0
:107BA8001F6EFB0E206EF6EC4CF057EC48F0000907
:107BB800D8A4E1EF3DF0E3EF3DF0E9EF3DF0DF0E53
:107BC800336EFA0E346EEDEF3DF0970E336EFA0E0B
:107BD800346E33C01FF034C020F0F6EC4CF0000EC9
:107BE8007AEC4AF01200BE0E216EFB0E226E000ED9
:107BF8007DEC2DF0236E9EEC4EF0AF0E216EFA0E4A
:107C0800226E030E7DEC2DF0236E9EEC4EF0E80EF6
:107C1800216EFD0E226E040E7DEC2DF0236E9EEC7F
:107C28004EF0700E216EFE0E226E010E7DEC2DF0D0
:107C3800236E9EEC4EF07C0E216EFE0E226E020E1E
:107C48007DEC2DF0236E9EEC4EF0E10E216EFD0EC4
:107C5800226E050E7DEC2DF0236E9EEC4EF0EF0E9D
:107C6800216EFD0E226E060E7DEC2DF0236E9EEC2D
:107C78004EF012001650171018101910D8B447EF0C
:107C88003EF049EF3EF079EF3EF0010E1A6E53EFE9
:107C98003EF0D89016361736183619361A2A19AE05
:107CA80058EF3EF05AEF3EF04DEF3EF01650125CA2
:107CB800175013581850145819501558D8A067EF72
:107CC8003EF069EF3EF071EF3EF01650125E17502D
:107CD800135A1850145A1950155AD8901932183284
:107CE800173216321A2E5AEF3EF012C012F013C095
:107CF80013F014C014F015C015F012001B6E43ECFD
:107D080047F00009D8A48BEF3EF08DEF3EF090EFDE
:107D18003EF0000EC5EF3EF060006BF056FD000E21
:107D2800126E1B504EEC3BF00009D8A49EEF3EF0BB
:107D3800A0EF3EF0A2EF3EF08DEF3EF01C6AB9EFE7
:107D48003EF020EC43F00009D8A4ADEF3EF0AFEFD1
:107D58003EF0B1EF3EF08DEF3EF019501C24D96E85
:107D6800DA6ADF503D01556F1C2A1A501C5CD8A0F6
:107D7800C0EF3EF0C2EF3EF0A5EF3EF0E7EC4AF070
:107D8800010E1200186E1850146E156A010E142692
:107D9800000E1522155009E1400E145CD8A0D7EF4B
:107DA8003EF0D9EF3EF0DDEF3EF01268136807EFC2
:107DB8003FF0000E1824196E1A6A000E1A221B6A68
:107DC8003F0E1B221C6A000E1C22400E3901E56F73
:107DD80060006FF0F8FF60006BF0F7FF600067F07D
:107DE800F6FF09006F00D4FF16F009006F00D4FFFA
:107DF80017F0F86A800E3901E56F1750146E1650A7
:107E0800126E14C013F01200FDEC52F02B6E7CECD5
:107E180054F00009D8B413EF3FF016EF3FF0010E0D
:107E280017EF3FF0000E2C6E2E6A2B50D8B41FEFC0
:107E38003FF021EF3FF035EF3FF02C50D8B427EF5B
:107E48003FF029EF3FF035EF3FF05EEC54F00009CA
:107E5800D8B431EF3FF033EF3FF035EF3FF0010E8C
:107E68002E6E2E50D8A43BEF3FF03EEF3FF0010EB0
:107E78003FEF3FF0000E2D6E2DC012F04E5095ECE6
:107E88004BF0276E000E71EC32F01200186E0C0EDB
:107E9800186451EF3FF053EF3FF055EF3FF08BEF91
:107EA8003FF01250D8B45BEF3FF05DEF3FF073EF57
:107EB8003FF018C013F0010E146E000E156E132A51
:107EC80069EF3FF0D89014361536132E66EF3FF061
:107ED800145001015F13155060138BEF3FF018C069
:107EE80013F0010E146E000E156E132A7FEF3FF08B
:107EF800D89014361536132E7CEF3FF0141C166EEE
:107F0800151C176E165001015F17175060171200E5
:107F18004E50D8A492EF3FF095EF3FF0010E96EF48
:107F28003FF0000E126E0001FF51D8A49EEF3FF003
:107F3800A1EF3FF0010EA2EF3FF0000E136E1250BA
:107F4800D8B4A9EF3FF0ABEF3FF0B6EF3FF01350D6
:107F5800D8B4B1EF3FF0B3EF3FF0B6EF3FF0030E08
:107F6800CDEF3FF01250D8B4BCEF3FF0BEEF3FF07A
:107F7800C1EF3FF0010ECDEF3FF01350D8B4C7EF7B
:107F88003FF0C9EF3FF0CCEF3FF0020ECDEF3FF0EE
:107F9800000E12000001EE6FECEF3FF0FB5102EC17
:107FA80036F00CEF40F0000EC7EC53F00CEF40F049
:107FB80026EC54F00CEF40F02D0E216EFB0E226ED5
:107FC800E3EC52F0FF000CEF40F0000E0DEF40F034
:107FD8000001EE510A0AD8B40CEF40F0070AD8B4F1
:107FE8000CEF40F0220AD8B4D7EF3FF0100AD8B40B
:107FF800D2EF3FF06D0AD8B4E0EF3FF03A0AD8B4B8
:10800800D2EF3FF01B0AD8B4DCEF3FF0E9EF3FF0C6
:10801800010E1200336E3CEF40F0CCEC0EF04BEF4B
:1080280040F07AEC4CF00009D8B41DEF40F01FEF97
:1080380040F027EF40F0F50E216EF90E226EE3ECCA
:1080480052F04BEF40F00D0E216EFA0E226EE3EC6B
:1080580052F04BEF40F0DCEC53F0510E216EF80E6D
:10806800226EE3EC52F04BEF40F0000E4CEF40F084
:1080780033504E0AD8B42FEF40F02A0AD8B411EF83
:1080880040F0130AD8B415EF40F039EF40F0010E74
:108098001200166A830E1624D96EDA6A010EDA22E5
:1080A800DF6A162A0D0E16645CEF40F05EEF40F0B2
:1080B8004EEF40F0030EB8EC4EF0166A16C014F0FE
:1080C800010E156E142A6BEF40F0D8901536142E59
:1080D80069EF40F015500001F9150009D8B477EFA1
:1080E80040F079EF40F07DEF40F01650050FB8EC06
:1080F8004EF0162A070E166484EF40F086EF40F023
:1081080062EF40F0010E0101676F0001F86B120089
:10811800406A010E0101636F526B000E516F9C6B38
:10812800000E9B6F9A6B000E996F1C6A1C50020D13
:10813800800EF324D96E020EF420DA6EDE6ADD6A50
:108148001C2A080E1C64ABEF40F0ADEF40F09AEF2C
:1081580040F00101626B616BA2EC47F012C01FF1A5
:1081680013C020F114C021F115C022F11FC11BF169
:1081780020C11CF121C11DF122C11EF11FC117F13F
:1081880020C118F121C119F122C11AF112001C6A8B
:108198001A6AFFEF40F01A501224D96E000E13200D
:1081A800DA6EDF501C1A1B6A1CBEDDEF40F0DFEFF1
:1081B80040F0E7EF40F0D8901C34156E1550186E5B
:1081C800196AF3EF40F0070E1CC015F0D890153669
:1081D80015C016F0176A1618186E1750196E18C0C1
:1081E8001CF01B2A070E1B64FCEF40F0FEEF40F06A
:1081F800D8EF40F01A2A14501A5CD8A006EF41F0C4
:1082080008EF41F0CFEF40F01C501200530EE7EC9E
:1082180045F03D6A3D50060D020EF326000EF4228D
:10822800630EF324F66EED0EF420F76E09006F006E
:10823800D4FF28F00A006F00D4FF29F03D50020D4A
:10824800800EF324D96E020EF420DA6E6F0078FFE8
:108258002AF06F0074FF2BF059EC51F03D2A080EFC
:108268003D6439EF41F03BEF41F00EEF41F0BB0EBA
:10827800286EFE0E296E99C12AF09AC12BF059EC8E
:1082880051F0C9EC52F01200026E45280F0B036E34
:10829800100E0218D8A453EF41F055EF41F057EFF4
:1082A80041F001C046F04550020D3C0EF324D96E52
:1082B800020EF420DA6E60000BF0DFFF4550020D6D
:1082C8003D0EF324D96E020EF420DA6E600007F03A
:1082D800DFFF03C045F044500318D8A476EF41F0FF
:1082E80078EF41F084EF41F044280F0B446E4328A7
:1082F800D8B481EF41F083EF41F084EF41F0432A95
:108308001200050E4A18D8A48CEF41F08EEF41F008
:1083180090EF41F0C0EF41F037C11CF038C11DF0BB
:1083280039C11EF03AC11FF082EC52F01F501E10E6
:108338000BE1E80E1C5C030E1D58D8A0A6EF41F017
:10834800A8EF41F0C0EF41F0A2EC47F012C037F1BE
:1083580013C038F114C039F115C03AF14A284A6EF1
:10836800050E4A18D8B4BBEF41F0BDEF41F0C0EF9D
:1083780041F04A507DEC34F01200126A67EC54F078
:108388000009D8B4CAEF41F0CCEF41F0CDEF41F08D
:10839800128064EC54F00009D8B4D5EF41F0D7EF5F
:1083A80041F0D8EF41F012826DEC54F00009D8B4D6
:1083B800E0EF41F0E2EF41F0E3EF41F012886AECC0
:1083C80054F00009D8B4EBEF41F0EDEF41F0EEEFD7
:1083D80041F0128A28EC53F00009D8B4F6EF41F0C6
:1083E800F8EF41F0F9EF41F0128412C046F01200A4
:1083F8003F6E1AEF42F00AEC21F035EF42F052ECF2
:1084080027F035EF42F0A3EC35F035EF42F0BCEC45
:1084180021F035EF42F04DEC46F035EF42F04FECED
:1084280053F035EF42F0000E36EF42F03F50410A6C
:10843800D8B4FFEF41F00C0AD8B40FEF42F01A0A93
:10844800D8B413EF42F0350AD8B403EF42F0010A6A
:10845800D8B40BEF42F00A0AD8B407EF42F017EF8E
:1084680042F0010E12001B6E1B44E846FC0B1B1069
:1084780080093E01C16FA00E00D0E82EFDD71D6A0D
:10848800000E1C6E3E01C1AD4CEF42F04EEF42F0C3
:1084980050EF42F05DEF42F01C4A1D2AE80E1C5CCA
:1084A800030E1D58D8A05BEF42F05DEF42F046EF97
:1084B80042F03F0E09EC51F0A00E00D0E82EFDD797
:1084C8003F0E09EC51F012C019F013C01AF03E012A
:1084D800C16B19C017F01AC018F01200176A150EF0
:1084E800126E136A1750DEEC49F00009D8A47FEF2A
:1084F80042F081EF42F084EF42F0010EABEF42F020
:10850800172A030E17648BEF42F08DEF42F073EFDA
:1085180042F0176A175067EC4FF060004BF0D9FF34
:1085280060004FF0DAFFDF50D8A49DEF42F09FEFD4
:1085380042F0A1EF42F081EF42F0172A030E1764D0
:10854800A8EF42F0AAEF42F08EEF42F0000E1200C0
:10855800D2BEB1EF42F0B4EF42F0010EB5EF42F0F7
:10856800000E136ED29E4DC017F04D6A1350D8A45A
:10857800C0EF42F0C4EF42F0126A122AC5EF42F08F
:10858800126A12321232D25012187F0B1218D26E9F
:108598001750FF0A166E16500001FC5DD8A0D7EFE1
:1085A80042F0D9EF42F0DEEF42F016C014F0156A3F
:1085B800E1EF42F0FCC014F0156A14501726FC6B6A
:1085C80017501200246AFAEF42F024501F24226E3A
:1085D800000E2020236E60008BF0F6FF60008FF005
:1085E800F7FF0800F550F0EC52F0242A24501F241D
:1085F800226E000E2020236E60008BF0F6FF6000D4
:108608008FF0F7FF0800F5500009D8A40EEF43F0EB
:1086180010EF43F0E9EF42F016EF43F0200EF0ECD4
:1086280052F0242A2150245CD8A01DEF43F01FEFFC
:1086380043F012EF43F01200200E126E4E0E136E2E
:10864800000E146E000E156E2FEF43F01206000E8A
:10865800135A145A155A3D0162BB35EF43F037EFF0
:1086680043F042EF43F01250131014101510D8A421
:1086780040EF43F042EF43F02AEF43F0125013105B
:1086880014101510D8A44BEF43F04DEF43F050EF02
:1086980043F0000E59EF43F05EAB55EF43F058EF4F
:1086A80043F0010E59EF43F0000E120017C11CF001
:1086B80018C11DF019C11EF01AC11FF082EC52F04A
:1086C8001F501E100BE1E80E1C5C030E1D58D8A0AD
:1086D80070EF43F072EF43F07EEF43F0A2EC47F007
:1086E80012C017F113C018F114C019F115C01AF10E
:1086F8000101626B130E0101626585EF43F087EF9C
:1087080043F090EF43F0990E126E010E136E84EC55
:108718004EF0000E92EF43F0622B010E1200186A21
:10872800000E176E14501510D8B49DEF43F09FEF4C
:1087380043F0C7EF43F0010E166EA7EF43F0D89051
:1087480014361536162A15AEACEF43F0AEEF43F0EB
:10875800A3EF43F0D890173618361450125C155012
:108768001358D8A0BAEF43F0BCEF43F0C1EF43F081
:108778001450125E1550135A1780D89015321432BF
:10878800162EAEEF43F017C012F018C013F0120007
:1087980000016A6B6A51020D910EF324346E010ECA
:1087A800F420356E6A514BEC30F03F6E2F0E00010D
:1087B8006A25D96EDA6A010EDA226000FFF0DFFF5F
:1087C8006A2B030E6A65EBEF43F0EDEF43F0CEEF53
:1087D80043F06A6B6A51090D5C0EF324606F020E58
:1087E800F420616F6A5135EC18F000016A2B030E12
:1087F8006A6501EF44F003EF44F0EEEF43F0120036
:1088080001015D4B5E2BEF0E126E2DEC4AF0000954
:10881800D8A411EF44F013EF44F015EF44F03BEF08
:1088280044F0940E216EFA0E226EE3EC52F0000131
:10883800EF51CEEC3FF00009D8A425EF44F027EF24
:1088480044F039EF44F00001EF514FEC20F00009FB
:10885800D8A431EF44F033EF44F039EF44F04B0E35
:10886800216EF90E226EE3EC52F031EC51F0120059
:10887800386E49C03FF049506CEC51F0366E3650B6
:108888003D6E3E6A3850D8A44CEF44F04EEF44F0A9
:108898005CEF44F03DC036F03EC037F0361E371E60
:1088A800364A372A36C03BF037C03CF060EF44F018
:1088B8003DC03BF03EC03CF03F508CEC4DF03B508F
:1088C8001224396E3C5013203A6E39C015F03AC064
:1088D80016F03F50C5EC1EF0B0EC3DF01200256ECE
:1088E80082EC54F02518266E2650C0EC53F0010E89
:1088F8007AEC4AF021C01FF022C020F0F6EC4CF0D0
:10890800520E1F6EFC0E206EF6EC4CF0265025140D
:108918000009D8A492EF44F094EF44F099EF44F0A2
:10892800246A300E236E9CEF44F0246A310E236EC5
:108938002350F0EC52F0A70E1F6EF90E206EF6ECE5
:108948004CF0000E7AEC4AF012002F6A000E2E6EE0
:108958002E0E126E136A010EDEEC49F02B6E010E1C
:108968002D6E2B50D8B4BBEF44F0BDEF44F0C9EFE7
:1089780044F0F80E2E5C2A0E2F58D8A0C6EF44F00B
:10898800C8EF44F0C9EF44F02D6A2D50D8A4CFEFBA
:1089980044F0D2EF44F0010ED3EF44F0000E2C6EF9
:1089A8002CC012F00001FF5195EC4BF0276E050E1C
:1089B80071EC32F012002BC02FF02CC030F0040EF6
:1089C800316ED89030322F32312EE5EF44F02FC07F
:1089D80032F030C033F032C012F033C013F0146AF2
:1089E800156A2DC016F02EC017F0186A196A14EC13
:1089F80045F012C01EF013C01FF014C020F015C0BF
:108A080021F0FF0E226E0F0E236E000E246E000E54
:108A1800256E6DEC39F01EC02BF01FC02CF0120033
:108A2800000E1A6E000E1B6E000E1C6E000E1D6EE0
:108A380012A021EF45F023EF45F02BEF45F016503B
:108A48001A2617501B2218501C2219501D22D89084
:108A58001636173618361936D8901532143213329E
:108A680012321250131014101510D8A43EEF45F00E
:108A780040EF45F01CEF45F01AC012F01BC013F090
:108A88001CC014F01DC015F01200186E64EF45F0FC
:108A9800D70E146EFF0E156E7DEF45F02E0E146E78
:108AA800FF0E156E7DEF45F04C0E146EFF0E156E21
:108AB8007DEF45F0510E146EFF0E156E7DEF45F0FB
:108AC8001850166E176A1750000AD8B46EEF45F0A2
:108AD8005EEF45F01650010AD8B44CEF45F0030A92
:108AE800D8B452EF45F0010AD8B458EF45F05EEF1C
:108AF80045F01200166E99EF45F0CF0E126EFF0E7C
:108B0800136EB2EF45F0A60E126EFE0E136EB2EFA4
:108B180045F0420E126EFF0E136EB2EF45F0FC0EDA
:108B2800126EFF0E136EB2EF45F01650146E156AF2
:108B38001550000AD8B4A3EF45F093EF45F0145050
:108B4800000AD8B481EF45F0010AD8B487EF45F0A0
:108B5800030AD8B48DEF45F093EF45F012008C0E60
:108B6800F66EA80EF76E000EF86E00EEF6F110EE37
:108B780006F009006F00D7FFEEFFE550E150F9E17C
:108B880000EE00F2AA0EEE6AE806FDE100EE00F142
:108B9800A30EEE6AE806FDE100EEF4F00C0EEE6AB4
:108BA800E806FDE100EE40F00F0EEE6AE806FDE192
:108BB800080ED56E000ED66E000ED76E000EF86E3B
:108BC80000018BEF49F03C6E010E7AEC4AF0940EEE
:108BD8001F6EFA0E206EF6EC4CF0400EF0EC52F0E0
:108BE8003C50F0EC52F02C0EF0EC52F051C11FF05A
:108BF80052C120F010EC3AF02C0EF0EC52F0A2EC3E
:108C080047F012C02BF013C02CF014C02DF015C083
:108C18002EF0DCEC32F02C0EF0EC52F073EC54F049
:108C28003B6E3B501F6E206A10EC3AF012002E6E1D
:108C380038EF46F05AEC24F04BEF46F0FF0E23ECE9
:108C480052F01EEF46F0F6EC24F04BEF46F04DECF8
:108C580040F0DD0E216EF90E226EE3EC52F04BEF80
:108C680046F0000E4CEF46F02E50460AD8B42BEFD3
:108C780046F01E0AD8B422EF46F03E0AD8B427EFD1
:108C880046F01E0AD8B41EEF46F035EF46F0010E46
:108C98001200EF0E126ED80E136EFF0E146EFF0E3A
:108CA800156E54EC4AF0010E7AEC4AF0C40E1F6EB1
:108CB800FA0E206EF6EC4CF0EF0E2B6ED80E2C6EE2
:108CC800FF0E2D6EFF0E2E6EDCEC32F0F90E1F6ECD
:108CD800FA0E206EF6EC4CF0206A0A0E1F6E10ECAD
:108CE8003AF0E00E1F6EF80E206EF6EC4CF0000E17
:108CF8007AEC4AF012001B501C10D8B486EF46F0EC
:108D080088EF46F0ACEF46F0010E1D6E90EF46F08E
:108D1800D8901B361C361D2A1CAE95EF46F097EFEF
:108D280046F08CEF46F01B50195C1C501A58D8A01E
:108D3800A0EF46F0A2EF46F0A6EF46F01B50195EF2
:108D48001C501A5AD8901C321B321D2E97EF46F031
:108D580019C019F01AC01AF012002A6ED1EF46F0A5
:108D6800E0EC34F0E0EF46F0020E36EC4FF01F0E68
:108D7800216EF80E226EE3EC52F0B4EF46F0010ECD
:108D880036EC4FF0B10E216EF80E226EE3EC52F085
:108D9800B4EF46F0000EE1EF46F02A50480AD8B486
:108DA800B4EF46F0180AD8B4C3EF46F0200AD8B496
:108DB800B8EF46F0CEEF46F0010E1200136E13B076
:108DC800E8EF46F0EBEF46F0010EECEF46F0000E50
:108DD8002EEC54F013B2F3EF46F0F6EF46F0010E26
:108DE800F7EF46F0000E2AEC54F013B8FEEF46F009
:108DF80001EF47F0010E02EF47F0000E36EC54F099
:108E080013BA09EF47F00CEF47F0010E0DEF47F0EA
:108E1800000E32EC54F013503AEC54F01200200ECD
:108E2800126E4E0E136E000E146E000E156E22EFAB
:108E380047F01206000E135A145A155A3D0162B132
:108E480028EF47F02AEF47F035EF47F0125013109C
:108E580014101510D8A433EF47F035EF47F01DEF85
:108E680047F01250131014101510D8A43EEF47F015
:108E780041EF47F0010E42EF47F0000E1200200EBE
:108E8800126E4E0E136E000E146E000E156E52EF1B
:108E980047F01206000E135A145A155A3D0161BFC5
:108EA80058EF47F05AEF47F065EF47F012501310AC
:108EB80014101510D8A463EF47F065EF47F04DEF95
:108EC80047F01250131014101510D8A46EEF47F085
:108ED80071EF47F0010E72EF47F0000E1200126AB0
:108EE80067EC54F00009D8B47CEF47F07EEF47F008
:108EF8007FEF47F0128064EC54F00009D8B487EF94
:108F080047F089EF47F08AEF47F012826DEC54F092
:108F18000009D8B492EF47F094EF47F095EF47F087
:108F280012886AEC54F00009D8B49DEF47F09FEF1F
:108F380047F0A0EF47F0128A12501200D2BEA7EFF6
:108F480047F0AAEF47F0010EABEF47F0000E1B6E9B
:108F5800D29E4BC117F04CC118F04DC119F04EC14B
:108F68001AF01B50D8A4BBEF47F0BFEF47F0166AC2
:108F7800162AC0EF47F0166A16321632D250161863
:108F88007F0B1618D26E17C012F018C013F019C054
:108F980014F01AC015F01200010E7AEC4AF0710EA6
:108FA8001F6EFD0E206EF6EC4CF052EC54F00009EA
:108FB800D8A4E1EF47F0E3EF47F0E9EF47F0E00E20
:108FC800216EFB0E226EEDEF47F06D0E216EFC0E4A
:108FD800226E21C01FF022C020F0F6EC4CF0940E57
:108FE8001F6EFA0E206EF6EC4CF0000E7AEC4AF08A
:108FF8001200010E7AEC4AF0060E1F6EFB0E206E70
:10900800F6EC4CF055EC54F00009D8A40EEF48F0FB
:1090180010EF48F016EF48F0E00E216EFB0E226EBE
:109028001AEF48F06D0E216EFC0E226E21C01FF063
:1090380022C020F0F6EC4CF0940E1F6EFA0E206E53
:10904800F6EC4CF0000E7AEC4AF012001250D96E91
:10905800DA6A600067F5DEFF60006BF5DDFF12502D
:10906800D96EDA6A020ED92660005FF5DEFF60006D
:1090780063F5DDFF1250D96EDA6A040ED926600056
:1090880057F5DEFF60005BF5DDFF1250D96EDA6A36
:10909800060ED92660004FF5DEFF600053F5DDFFB0
:1090A800AEEC52F01200146A1450020DFB0EF324B9
:1090B800F66EED0EF420F76E1450020D000EF32438
:1090C800D96E010EF420DA6E0900F550DE180AE1B7
:1090D8000900F550DE18D8B474EF48F076EF48F080
:1090E80079EF48F0000E83EF48F0142A050E146457
:1090F80080EF48F082EF48F058EF48F0010E120078
:1091080000EC52F0EAC0EEF0EBC0EFF0ECC0F0F08B
:10911800EDC0F1F0EEC024F0EFC025F0F0C026F06D
:10912800F1C027F079EC50F020C028F021C029F0D8
:1091380022C02AF023C02BF082EC2AF0D8A0A7EF97
:1091480048F0A9EF48F0AEEF48F0010E0001FE6FBD
:10915800B0EF48F00001FE6B12003A01406B506B13
:10916800606B4083408D6081C290C390C396C28279
:10917800C28CC480C294C296C298C29AC29EC39A34
:10918800C398C482C484C496C498C392C3946287A3
:10919800628952835285C49AC49CC48EBA90BB908B
:1091A800BB96BA94BA96BA98BA9ABA9EBB9ABB9822
:1091B800BC9C1200156E0C0E1564E5EF48F0E7EF45
:1091C80048F0EAEF48F0000E09EF49F015C012F038
:1091D800010E136E000E146E122AF6EF48F0D890A6
:1091E80013361436122EF3EF48F001015F511316AF
:1091F8006051141613501410D8A405EF49F008EF65
:1092080049F0010E09EF49F0000E1200166E1FEF2B
:1092180049F0660E126EFC0E136E34EF49F0D90E4B
:10922800126EFB0E136E34EF49F01A0E126EFF0E1B
:10923800136E34EF49F01650146E156A1550000A73
:10924800D8B429EF49F019EF49F01450010AD8B4FD
:109258000DEF49F0030AD8B413EF49F019EF49F0BC
:109268001200236E300E246E1F50020DF350A00F13
:10927800256E240E196E020E1A6E260E1B6E020E35
:109288001C6E2350EBEC2EF0286E2850D8B44FEF0C
:1092980049F051EF49F05EEF49F02750226E265011
:1092A800216E2050D96EDA6A600087F0DEFF600018
:1092B8008BF0DDFF28501200216E1E50D8A467EFF6
:1092C80049F069EF49F06EEF49F0266A200E256EE5
:1092D80071EF49F0266A180E256E25C022F00B0E94
:1092E800236E1DC01FF0010E206E1F2A7EEF49F06D
:1092F800D89020361F2E7CEF49F02050246E220E85
:10930800196E030E1A6E215082EC3EF012005FECCB
:1093180036F0A2EC47F012C0F2F113C0F3F114C01A
:10932800F4F115C0F5F1B1EC3AF00400F2C11CF00B
:10933800F3C11DF0F4C11EF0F5C11FF082EC52F02C
:109348001F501E101D1009E1640E1C5CD8A0AFEF61
:1093580049F0B1EF49F09AEF49F08DEF49F00EEF7F
:1093680000F0500E0201926F330E936F030E946F4C
:109378001E6A1D501E24D96EDA6A950E1E24E16EEF
:10938800E26A020EE2226F007FFFE7FF1E2A090E43
:109398001E64D1EF49F0D3EF49F0BDEF49F0920ECA
:1093A800126E020E136E0D0E146ECBEC40F002011D
:1093B8009F6F1200146E030E1464E5EF49F0E7EF97
:1093C80049F0EAEF49F0000E05EF4AF01450020D9B
:1093D800910EF324D96E010EF420DA6E60004BF082
:1093E800E1FF60004FF0E2FF6F007BFFE6FF6F00D8
:1093F80077FFE5FF2F0E1424D96EDA6A010EDA2200
:10940800DF5012007FEC54F03D6E420EE7EC45F061
:10941800040E1F6EFE0E206EF6EC4CF03D5018EC5C
:1094280034F012C01FF013C020F0F6EC4CF0C50E5B
:10943800216EFE0E226E3DC023F0246A0CEC50F023
:10944800630E1F6EFA0E206EF6EC4CF0C9EC52F06B
:1094580012003D01F9A333EF4AF035EF4AF043EF2C
:109468004AF038EF4AF0E851F7A33DEF4AF03FEFF2
:109478004AF037EF4AF0F993000E53EF4AF0F7A39A
:1094880048EF4AF04AEF4AF04CEF4AF040EF4AF012
:109498001250D96EDA6A6F00A3F7DFFF010E1200CF
:1094A800D2BE59EF4AF05CEF4AF0010E5DEF4AF088
:1094B800000E176ED29E12C04BF113C04CF114C0AF
:1094C8004DF115C04EF11750D8A46DEF4AF071EF69
:1094D8004AF0166A162A72EF4AF0166A16321632DF
:1094E800D25016187F0B1618D26E1200136E135036
:1094F800D8A481EF4AF083EF4AF08BEF4AF03D01A0
:10950800F9AF89EF4AF08BEF4AF083EF4AF0135036
:10951800D8A491EF4AF095EF4AF0126A122A96EF12
:109528004AF0126A123A12461246BC501218BF0B81
:109538001218BC6E1200146E080E1464A6EF4AF0DE
:10954800A8EF4AF0AEEF4AF0FC0E126EFF0E136E53
:10955800C2EF4AF01450060D020EF326000EF42254
:10956800630EF324F66EED0EF420F76E09006F001B
:10957800D4FF12F00A006F00D4FF13F01200000E9F
:10958800196E000E8EEC1FF0000E196E010E8EEC97
:109598001FF0000E196E020E8EEC1FF0000E196EF1
:1095A800030E8EEC1FF0000E196E040E8EEC1FF0E9
:1095B800000E196E050E8EEC1FF0000E196E060EC9
:1095C8008EEC1FF01200200E126E4E0E136E000E5F
:1095D800146E000E156EF6EF4AF01206000E135ABE
:1095E800145A155A3D0163B5FCEF4AF0FEEF4AF0F4
:1095F80009EF4BF01250131014101510D8A407EFF0
:109608004BF009EF4BF0F1EF4AF063951200126A44
:109618001250020DFB0EF324F66EED0EF420F76ED9
:109628001250020D000EF324D96E010EF420DA6EEA
:1096380009006F00D7FFDEFF08006F00D7FFDDFFCE
:10964800122A050E12642BEF4BF02DEF4BF00CEFA6
:109658004BF01200000E341A000E351A000E361A9E
:10966800800E371A30C020F031C021F032C022F00D
:1096780033C023F034C024F035C025F036C026F0BE
:1096880037C027F066EC06F020C030F021C031F07A
:1096980022C032F023C033F01200176A1750132487
:1096A800D96E000E1420DA6E12501724E16EE26AA9
:1096B800DE50E618D8B463EF4BF065EF4BF068EF77
:1096C8004BF0000E72EF4BF0172A090E17646FEF7C
:1096D8004BF071EF4BF052EF4BF0010E1200146E8D
:1096E8007FEF4BF0010E94EF4BF0020E94EF4BF02E
:1096F800000E94EF4BF01450126E136A1350000AC8
:10970800D8B489EF4BF07CEF4BF01250000AD8B474
:1097180076EF4BF0010AD8B479EF4BF07CEF4BF0C1
:109728001200156EA1EF4BF0010EB6EF4BF0000ED4
:10973800B6EF4BF01250B6EF4BF01550136E146A9B
:109748001450000AD8B4ABEF4BF09EEF4BF0135017
:10975800010AD8B498EF4BF0030AD8B49BEF4BF04A
:109768009EEF4BF01200300E326EFD0E336E000E7F
:10977800346E2CEC31F0840E326EFC0E336E010E1A
:10978800346E2CEC31F0FD0E326EFD0E336E020E8F
:10979800346E2CEC31F0A10E326EFD0E336E030EDA
:1097A800346E2CEC31F01200146A13BEE5EF4BF066
:1097B800135009E10F0E125CD8A0E5EF4BF0E7EF6C
:1097C8004BF0F7EF4BF013BEF5EF4BF0110E125CB8
:1097D8000E0E1358D8B0F3EF4BF0F5EF4BF0F7EF50
:1097E8004BF0010E146E14501200146A13AE08EFF9
:1097F8004CF0C40E125CFF0E1358D8A006EF4CF0C4
:1098080008EF4CF018EF4CF013BE16EF4CF0135065
:1098180007E13D0E125CD8B014EF4CF016EF4CF097
:1098280018EF4CF0010E146E145012000101805113
:10983800D8A421EF4CF023EF4CF02FEF4CF073EC51
:1098480052F022C026F023C027F024C028F025C0FB
:1098580029F039EF4CF064EC52F022C026F023C016
:1098680027F024C028F025C029F01200146E050E38
:10987800146441EF4CF043EF4CF049EF4CF0FC0E10
:10988800126EFF0E136E59EF4CF01450020DEF0ECE
:10989800F324F66EED0EF420F76E09006F00D4FF86
:1098A80012F00A006F00D4FF13F01200146E040EB9
:1098B800146461EF4CF063EF4CF069EF4CF0FC0E70
:1098C800126EFF0E136E79EF4CF01450020D070E56
:1098D800F324F66EEE0EF420F76E09006F00D4FF45
:1098E80012F00A006F00D4FF13F01200DEEC4FF004
:1098F8000009D8B482EF4CF084EF4CF087EF4CF0BD
:10990800000E98EF4CF01F0E156E166A73EC2EF0D1
:109918001F0E1D6EB5EC49F0476A0001FA69010196
:109928006C6B030E486E010E1200146E050E146463
:10993800A0EF4CF0A2EF4CF0A7EF4CF0136A000E2A
:10994800126EB7EF4CF01450020DFB0EF324F66EB6
:10995800ED0EF420F76E09006F00D4FF12F00A0034
:109968006F00D4FF13F01200126A01016751D8A4E6
:10997800C0EF4CF0C2EF4CF0D5EF4CF06851D8A4D2
:10998800C8EF4CF0CAEF4CF0D5EF4CF00001F8519D
:10999800D8A4D1EF4CF0D3EF4CF0D5EF4CF0010E3A
:1099A800126E12501200136E146A0101F751D8B4E6
:1099B800E0EF4CF0E2EF4CF0F4EF4CF01250D8A48A
:1099C800E8EF4CF0EAEF4CF0F2EF4CF01350D8B45B
:1099D800F0EF4CF0F2EF4CF0F4EF4CF0010E146E97
:1099E8001450120004EF4DF060007FF0F6FF6000A5
:1099F80083F0F7FF0800F550F0EC52F01F4A202AD8
:109A080060007FF0F6FF600083F0F7FF0800F55074
:109A18000009D8A412EF4DF014EF4DF0F8EF4CF018
:109A280012002A6E2A50D8A41CEF4DF01EEF4DF0FC
:109A380026EF4DF0F30E1F6EFF0E206EF6EC4CF085
:109A480032EF4DF028C01FF029C020F010EC3AF09A
:109A5800F00E1F6EFF0E206EF6EC4CF012000001A7
:109A68006C51D8A43AEF4DF03CEF4DF042EF4DF079
:109A7800260E6D6FFE0E6E6F46EF4DF0740E6D6F15
:109A8800FA0E6E6F6AC03BF06BC03CF06DC03DF0E3
:109A98006EC03EF051EC4DF01200010E7AEC4AF027
:109AA80004EC2BF03BC01FF03CC020F0F6EC4CF06F
:109AB8003D0EF0EC52F03DC01FF03EC020F0F6EC39
:109AC8004CF0940E1F6EFA0E206EF6EC4CF0000E61
:109AD8007AEC4AF01200146E080E146476EF4DF01A
:109AE80078EF4DF07DEF4DF0136A000E126E8BEF9C
:109AF8004DF01450020D800EF324D96E020EF4209E
:109B0800DA6E6F0078FF12F06F0074FF13F0120026
:109B1800146E050E146493EF4DF095EF4DF09AEF27
:109B28004DF0136A000E126EA8EF4DF01450020D9E
:109B3800000EF324D96E010EF420DA6E6F0078FF60
:109B480012F06F0074FF13F01200010E7AEC4AF065
:109B580004EC2BF03BC01FF03CC020F0F6EC4CF0BE
:109B68003D0EF0EC52F03DC01FF0206A10EC3AF0C8
:109B7800940E1F6EFA0E206EF6EC4CF0000E7AEC86
:109B88004AF01200000E246E000E256E480E266E56
:109B9800C30E276EEEC028F0EFC029F0F0C02AF0FF
:109BA800F1C02BF082EC2AF0D8B0DDEF4DF0E0EFF9
:109BB8004DF0010EE1EF4DF0000E1200126A125046
:109BC800020D800EF324D96E020EF420DA6EDE6ADE
:109BD800DD6A122A080E1264F4EF4DF0F6EF4DF02C
:109BE800E3EF4DF001019C6B000E9B6F9A6B000E2A
:109BF800996F12001250131014101510D8B407EFF3
:109C08004EF009EF4EF011EF4EF0000E121A000E52
:109C1800131A000E141A800E151A12C012F013C06F
:109C280013F014C014F015C015F012001F6E1F3881
:109C38000F0B0F0BAE0FF66EED0ED8B0010FF76ECF
:109C48000800F550F0EC52F01F500F0BAE0FF66EF7
:109C5800ED0ED8B0010FF76E0800F550F0EC52F099
:109C68001200550E3A01BF6FAA0EBF6FBF91230EA7
:109C7800096F090EE56F240E0A6F0A0EE66F550E7E
:109C8800BF6FAA0EBF6FBF813D015F6B030E656F8B
:109C98005E6B840E5D6F120060004BF0D9FF6000B0
:109CA8004FF0DAFFDE2808E1DE28D8B45EEF4EF088
:109CB80060EF4EF069EF4EF060004BF0D9FF6000A6
:109CC8004FF0DAFFDE2A000EDD221200540EE7EC18
:109CD80045F0DB0E286EFF0E296E9BC12AF09CC151
:109CE8002BF059EC51F0BB0E286EFE0E296E99C16F
:109CF8002AF09AC12BF059EC51F0C9EC52F012003D
:109D080060004BF0D9FF60004FF0DAFFDE2808E171
:109D1800DE28D8B492EF4EF094EF4EF09DEF4EF05F
:109D280060004BF0D9FF60004FF0DAFFDE2A000E2A
:109D3800DD22120021C01FF022C020F0F6EC4CF00A
:109D48002350D8A4AAEF4EF0ACEF4EF0B1EF4EF08E
:109D5800256A300E246EB4EF4EF0256A310E246E5B
:109D68002450F0EC52F01200136E830E1324D96EB7
:109D7800DA6A010EDA22DE28D8B4C5EF4EF0C7EF52
:109D88004EF0D1EF4EF0830E1324D96EDA6A010E2D
:109D9800DA22DF2A010E0101676F120020EE04F1BA
:109DA8006F0078FF12F06F0074FF13F0000E13BEFF
:109DB800FF0E146E156E010E45EC1CF012C020F05B
:109DC80013C021F014C022F015C023F0120020EEB9
:109DD80006F16F0078FF12F06F0074FF13F0000EA9
:109DE80013BEFF0E146E156E010E45EC1CF012C06A
:109DF80020F013C021F014C022F015C023F0120087
:109E080020EE02F16F0078FF12F06F0074FF13F07C
:109E1800000E13BEFF0E146E156E010E45EC1CF0FD
:109E280012C020F013C021F014C022F015C023F096
:109E380012001EC012F01FC013F0146A156AE80E53
:109E4800166E030E176E000E186E000E196E14ECC7
:109E580045F012C01EF013C01FF014C020F015C04A
:109E680021F01200146E0001FC51FF0A156E155006
:109E7800145CD8A042EF4FF044EF4FF049EF4FF099
:109E880015C012F0136A4CEF4FF014C012F0136AA9
:109E98001250FC271200010E7AEC4AF0240E1F6EB5
:109EA800FA0E206EF6EC4CF0206A060E1F6E10ECCF
:109EB8003AF03B0E1F6EFA0E206EF6EC4CF0000ED8
:109EC8007AEC4AF01200146E030E14646EEF4FF031
:109ED80070EF4FF076EF4FF05C0E126E020E136EBD
:109EE8007EEF4FF01450090D5C0EF324126E020E33
:109EF800F420136E1200146E1404D8B486EF4FF0D9
:109F080088EF4FF08EEF4FF0560E156EFF0E166E5F
:109F180092EF4FF0D30E156EFF0E166E15C012F0AD
:109F280016C013F012006F00A8F504F001017A5171
:109F3800D8B4A1EF4FF0A3EF4FF0A8EF4FF004C053
:109F48004CF07A6BAEEF4FF004C001F04C5048EC87
:109F580041F04C2A120003A0B4EF4FF0B6EF4FF0D7
:109F6800BBEF4FF001C006F0076AC5EF4FF001C024
:109F780004F002C005F005C004F0056A0450066E3E
:109F8800076A06501200010E7AEC4AF0F7EC3DF031
:109F9800940E1F6EFA0E206EF6EC4CF0B7EC4BF0F8
:109FA800940E1F6EFA0E206EF6EC4CF0000E7AEC52
:109FB8004AF012003901E5A3E4EF4FF0E6EF4FF065
:109FC800E9EF4FF0010EF4EF4FF0E5A7EEEF4FF099
:109FD800F0EF4FF0F3EF4FF0010E01016E6F000E3E
:109FE80012003A0167A3FBEF4FF0FDEF4FF000EFCF
:109FF80050F067933CEC53F03A0167A506EF50F038
:10A0080008EF50F00BEF50F067953CEC53F012005E
:10A018002C0EF0EC52F021C01FF022C020F0F6EC1C
:10A028004CF0DD0E1F6EFD0E206EF6EC4CF0245049
:10A038001AEC4EF023501AEC4EF01200040E135C8A
:10A04800D8A029EF50F02BEF50F02EEF50F0FF0E74
:10A0580037EF50F03901E56B60004BF0E0F9135031
:10A06800E16FE581E3511200D40E1D6ED40E1E6E11
:10A07800100ECEEC15F0DD0E1D6EDD0E1E6E110EEF
:10A08800CEEC15F0000E1D6E000E1E6E120ECEECFC
:10A0980015F012004B50D8B454EF50F056EF50F072
:10A0A8005AEF50F045EC51F063EF50F03D0178ABBA
:10A0B80060EF50F062EF50F063EF50F06B6B1200FE
:10A0C800216E2150D8B46BEF50F06DEF50F075EF62
:10A0D80050F0940E1F6EFA0E206EF6EC4CF078EFEE
:10A0E80050F0200EF0EC52F0120000C112F001C145
:10A0F80013F0000E13BEFF0E146E156E010E45EC24
:10A108001CF012C020F013C021F014C022F015C0BA
:10A1180023F01200550E3901EF6FAA0EEF6FEF9181
:10A12800F16B010EF76F020EF26F030EF36F040E60
:10A13800F46F550EEF6FAA0EEF6FEF8112003E011C
:10A14800F86BF96BFA6BFB6B3F0EFF6FFD6B100E34
:10A15800F36FF46BF851F30B0409F86FF88F350EB1
:10A16800E82EFED7000012004B50D8B4BEEF50F0D6
:10A17800C0EF50F0CAEF50F001017951D8B4C7EFE1
:10A1880050F0C9EF50F0CAEF50F04C060101796B5E
:10A1980012003E6E67C060F068C061F0010E0001F9
:10A1A800626F69C063F06AC064F06BC065F06CC030
:10A1B80066F03E50FFEC29F012003D01F26BF36BA4
:10A1C800F46BF66B8A0EF56FF76BF86BF96BFA6B3D
:10A1D800F48FF00EF217F28FF289F28BF38FBC9C9A
:10A1E8001200B86A460EB96EF90EB76EB66A000E5E
:10A1F80001014B6F000E4C6F000E4D6F000E4E6F3D
:10A208003901A39F938FB88E1200166E60005BF021
:10A21800F1FE3E01F881F8B114EF51F016EF51F05C
:10A228000FEF51F0F051146EEF51126E14C013F08D
:10A238001200126E070E126424EF51F026EF51F04F
:10A2480029EF51F0000E30EF51F0880E1224D96E2C
:10A25800DA6A010EDA22DF5012000001FB51020D0A
:10A26800DF0EF324F66EED0EF420F76E09006F0092
:10A27800D4FF21F00A006F00D4FF22F0E3EC52F083
:10A2880012003D0178BB4BEF51F04DEF51F04FEF0D
:10A2980051F058EF51F04C50E6EC11F03D016B6F66
:10A2A8004C2A010E0101796F12002C0EF0EC52F0CD
:10A2B80028C01FF029C020F0F6EC4CF03D0EF0EC61
:10A2C80052F02AC01FF02BC020F010EC3AF0120018
:10A2D800126E040E126073EF51F075EF51F07AEFC1
:10A2E80051F0146A010E136E7DEF51F0146A050ED9
:10A2F800136E135012000001676F3EC060F03FC03C
:10A3080061F0000E0001626F646B000E636F666B94
:10A31800000E656F6751FFEC29F012001350D96EDB
:10A32800DA6A090ED926DF50146E14B09EEF51F088
:10A33800A1EF51F0010EA2EF51F0000E91EC52F096
:10A3480012003D0176A9ABEF51F0ADEF51F0B0EF3F
:10A3580051F07699B8EC50F0010E01017A6F4B6A12
:10A36800796B3901A3951200460E0101836F480EDF
:10A37800846F010E856F830E126E010E136E0D0E23
:10A38800146ECBEC40F00101906F1200136E135065
:10A39800D8A4D1EF51F0D5EF51F0126A122AD6EFB6
:10A3A80051F0126ABA501218FE0B1218BA6E120047
:10A3B8004A6AA2EC47F012C037F113C038F114C052
:10A3C80039F115C03AF10101786B776B4A507DEC91
:10A3D80034F01200060E09EC51F012C0CEF013C092
:10A3E800CFF043EC13F0CEC0EAF0CFC0EBF0D0C012
:10A3F800ECF0D1C0EDF01200100E09EC51F012C0D3
:10A40800CEF013C0CFF043EC13F0CEC0EAF0CFC0CB
:10A41800EBF0D0C0ECF0D1C0EDF01200206E100EC1
:10A42800216E0D0E226E210E196E020E1A6E1FC0BD
:10A438001BF0010E1C6E2050EBEC2EF01200126E79
:10A448001250FF0A41164150D8A42DEF52F030EFB8
:10A4580052F0010E31EF52F0000E8EEC54F0120063
:10A4680001016A514318D8B43CEF52F03EEF52F064
:10A4780043EF52F043C06AF1F669010E696F1200AA
:10A488000101826BA2EC47F012C0F4F013C0F5F0A2
:10A4980014C0F6F015C0F7F00101806B7F6B120055
:10A4A800550E3A01BF6FAA0EBF6FBF91130E156FFD
:10A4B800170EE76F550EBF6FAA0EBF6FBF81120050
:10A4C8000AC11EF00BC11FF01DEC4FF01EC022F098
:10A4D8001FC023F020C024F021C025F0120008C1BD
:10A4E8001EF009C11FF01DEC4FF01EC022F01FC066
:10A4F80023F020C024F021C025F01200A2EC47F080
:10A508001C50125C1C6E1D5013581D6E1E501458A2
:10A518001E6E1F5015581F6E1200126E12C040F0AA
:10A528001250D8B49AEF52F09CEF52F09FEF52F0CD
:10A53800010E0101636F1200080E3901DF6F600E12
:10A54800D96F150E126EC60EE82EFED7122EFCD746
:10A5580000D0120001015A6B000E596F586B000EA3
:10A56800576F566B000E556F546B000E536F1200E9
:10A578004150D8A4C2EF52F0C5EF52F0010EC6EF19
:10A5880052F0000E8EEC54F01200940E1F6EFA0E6C
:10A59800206EF6EC4CF0000E7AEC4AF00101514BBB
:10A5A800522B12000101656B000E236F000E246F01
:10A5B800000E256F000E266FAEEC52F01200010E51
:10A5C8007AEC4AF021C01FF022C020F0F6EC4CF0E3
:10A5D800000E7AEC4AF012001E6E3D01F7ABF7EF61
:10A5E80052F0F9EF52F0F1EF52F060007BF0EAFD23
:10A5F80012000001FE05D8B404EF53F007EF53F042
:10A60800010E08EF53F0000E12004150D8A40FEFCE
:10A6180053F012EF53F0010E13EF53F0000E120037
:10A62800CCB419EF53F01CEF53F0010E1DEF53F0AB
:10A63800000E1200CCB223EF53F026EF53F0010EB8
:10A6480027EF53F0000E1200BAB02DEF53F030EFA1
:10A6580053F0010E31EF53F0000E12003901A39FA1
:10A66800010E01014B27000E4C234D234E231200EF
:10A678004D28D8B442EF53F044EF53F045EF53F070
:10A688004D2A1200B8EC51F0426A0101FC69010E32
:10A69800686F676B1200E80E216EF70E226EE3EC0E
:10A6A80052F055EF53F01200C10E216EF10E226EDA
:10A6B800E3EC52F0D5EC53F01200130E216EF40EB9
:10A6C800226EE3EC52F0D5EC53F01200010E216E2D
:10A6D800F30E226EE3EC52F0D5EC53F01200040EA8
:10A6E800216EF60E226EE3EC52F0D5EC53F0120018
:10A6F800520E216EEE0E226EE3EC52F0D5EC53F0C2
:10A708001200E70E216EF60E226EE3EC52F0D5EC45
:10A7180053F012000C0E216EF50E226EE3EC52F08F
:10A72800D5EC53F01200470E216EF00E226EE3ECCA
:10A7380052F0D5EC53F01200060E09EC51F012C09D
:10A7480017F013C018F01200100E09EC51F012C0E7
:10A7580017F013C018F01200010E09EC51F012C0E6
:10A7680017F013C018F0120001015E6B000E5D6F48
:10A77800496A0001FB6B12001E6E1EC046F01E5097
:10A78800C7EC38F01200266E26C0FBF0265002EC0B
:10A7980036F012000101646B416A000E8EEC54F031
:10A7A8001200860E216EF70E226EE3EC52F01200B4
:10A7B800010E01016C6F050E486E120051C112F0B6
:10A7C80052C113F012009BC112F09CC113F0120089
:10A7D80099C112F09AC113F012005BC112F05CC16A
:10A7E80013F012009FC112F0A0C113F012009DC116
:10A7F80012F09EC113F01200A1C112F0A2C113F011
:10A8080012000001FB5102EC36F01200000E07ECBA
:10A8180017F01200040EB8EC4EF01200000EE7EC30
:10A828000AF01200126E12C04EF01200126E12C020
:10A83800FFF01200126E12C076F11200126E12C0F2
:10A84800F7F11200010E07EC17F01200126E12C099
:10A85800FAF11200126E12C0FBF11200126E12C051
:10A86800F8F11200126E12C0F9F11200126E12C045
:10A8780046F01200010EE7EC0AF01200280E1BEC5D
:10A888003DF01200FF0101010101010177511200A1
:10A8980001016E5112000001FF5112000101F75130
:10A8A80012000101765112000101645112000001E9
:10A8B800F8511200010178511200C3EC4AF012005D
:10A8C8000101FA5112000101FB5112000101F85176
:10A8D80012000101F9511200010187511200010112
:10A8E800865112000001FE5112000101815112002F
:10A8F8000101825112000001F95112004650120064
:10A908004E501200405012004150120048501200A0
:08A9180043501200120011006F
:10ED620000A0FC77FF63FF97FC5FFF5BFFEEFBB643
:10ED7200FEC0FEE4FB1CFEC0FE8EFC16FE6FFF39D9
:10ED8200FD67FFB1FE0AFE7BFFCAFE10FE7FFFC5D4
:10ED9200FEACFECFFE6BFF00D7FF0301FF0406FFB0
:10EDA20001A7FF02ABFF052EFF06E8FE303132332A
:10EDB2003435363738394142434445460028239892
:10EDC2003A2823983AA00F7017F00AD80EB7FFB36B
:10EDD200FF1FFFEDFFBBFFEAFFD3FDCCFD34FE3981
:10EDE200FB8CFBC4FCECFA34FC97FB2AFCB2FC0261
:10EDF200FCF8FB81FBA9FDBBFCEEFFEAFFF4FFF888
:10EE0200FF2C013C00A9FC22FE28FED9FED4FE10F4
:10EE120000100312001203269E783EEEE9913E1383
:10EE2200CECC3EAAAA2A3FD1F717378071313F10C4
:10EE32000100000102100004070506110000030191
:10EE42000211000407050601070802090A030B0C58
:10EE5200636F6E736F6C65202D2070726573732003
:10EE62006120646967697420666F7220612073751E
:10EE7200626D656E750D0A20205B315D2020726126
:10EE8200696C7320202020706F776572207261692F
:10EE92006C73206D616E6167656D656E740D0A201D
:10EEA200205B325D202074756E6520202020207446
:10EEB2006865726D616C20616E6420686561727450
:10EEC20062656174207468726573686F6C64730D37
:10EED2000A20205B335D2020686220202020202031
:10EEE2002068656172746265617420636F756E7407
:10EEF20065727320616E6420696E6A656374696FFE
:10EF02006E0D0A20205B345D20206661756C74737F
:10EF120020202073656C662D74657374206661759C
:10EF22006C747320616E6420726573657420686905
:10EF320073746F72790D0A20205B355D20206E7626
:10EF42006D2020202020207468652073746F726504
:10EF52006420636F6E66696775726174696F6E2093
:10EF62007265636F72640D0A20205B365D20206437
:10EF720069616720202020206D6561737572656D5F
:10EF8200656E747320616E64207374696D756C753F
:10EF9200730D0A20205B375D2020726164202020DF
:10EFA2002020206D616368696E652D726561646100
:10EFB200626C652074656C656D6574727920667229
:10EFC200616D65730D0A0D0A20205B615D20206171
:10EFD20075746F2D737461747573206F6E2F6F6605
:10EFE2006620286F666620617420626F6F74290D37
:10EFF2000A20205B655D20206576656E74206D6554
:10F00200737361676573206F6E2F6F666620286F5A
:10F012006E20617420626F6F74290D0A20205B7666
:10F022005D20206669726D7761726520616E642071
:10F03200696E746572666163652076657273696F65
:10F042006E730D0A0064696167202D206D6561731E
:10F052007572656D656E747320616E642073746978
:10F062006D756C75730D0A20205B415D2020726105
:10F0720077205049432041444320636F756E747377
:10F082002C20616E64205644442066726F6D207499
:10F092006865207265666572656E63650D0A20207B
:10F0A2005B625D202074696D652065696768742004
:10F0B200657870616E646572206275732072656135
:10F0C20064730D0A20205B695D202069746572619A
:10F0D20074696F6E732C20757074696D6520616E32
:10F0E20064206C6F6F7020706572696F6420736941
:10F0F2006E6365206C617374202769270D0A2020D6
:10F102005B635D2020636865636B73756D206120AE
:10F1120066697865642072616E6765206F6620702B
:10F12200726F6772616D206D656D6F72790D0A0D78
:10F132000A20206469737275707420612072756E82
:10F142006E696E6720626F6172640D0A20205B4DEA
:10F152005D20206A756D7020746865206D696C6C25
:10F16200697365636F6E6420636C6F636B20746F89
:10F17200206974732034392E372D646179207772B7
:10F1820061700D0A20205B575D202068616E672048
:10F19200756E74696C207468652068617264776149
:10F1A2007265207761746368646F67207265736546
:10F1B20074732074686520626F6172640D0A007452
:10F1C200756E65202D207369782072756E74696D75
:10F1D20065207468726573686F6C64730D0A202011
:10F1E2005B315D20202072756E5F6F6E5F63202041
:10F1F20020202020205B345D202020687472325F42
:10F202006F66665F630D0A20205B325D20202068F6
:10F212006561745F6F6E5F632020202020205B3564
:10F222005D202020626F6F745F730D0A20205B33B4
:10F232005D202020687472325F6F6E5F6320202031
:10F242002020205B365D2020207374656164795F25
:10F25200730D0A0D0A20205B745D20202073656CFB
:10F2620065637420746865206E657874206F6E65BE
:10F272000D0A20205B2B2F2D5D2061646A7573744B
:10F28200207468652073656C6563746564206F6EB5
:10F292006520283120432C206F7220352073290DE0
:10F2A2000A20205B6C5D2020206C69737420616CE5
:10F2B2006C2073697820616761696E737420746869
:10F2C2006569722064656661756C74730D0A20202D
:10F2D2005B545D202020726573746F7265206576C1
:10F2E200657279207468726573686F6C6420746FDC
:10F2F200206974732064656661756C740D0A00720E
:10F302006164202D206D616368696E652D7265618F
:10F312006461626C652074656C656D6574727920D8
:10F322006672616D65730D0A20205B6E5D2020663A
:10F3320072616D6520636F756E746572732C2073D4
:10F34200657175656E6365206E756D6265722061AB
:10F352006E642064726F70730D0A20205B455D201D
:10F3620020656D697420612070616972206F66206A
:10F3720054455354206672616D65732C206F6E651F
:10F38200207065722073686170650D0A20205B7AB7
:10F392005D20207A65726F2074686520636F756ED8
:10F3A200746572732C206C656176696E672074686F
:10F3B200652073657175656E636520616C6F6E653E
:10F3C2000D0A0D0A202073746F7265642C20616E21
:10F3D2006420666C6F6F64732074686520554152B7
:10F3E20054207768696C65206F6E0D0A20205B409F
:10F3F2005D202074686520274027206672616D6554
:10F402002073747265616D206F6E2F6F66660D0AD0
:10F41200007261696C73202D20706F7765722072A3
:10F4220061696C73206D616E6167656D656E740DE7
:10F432000A20205B535D202073746174652C207652
:10F442006F6C7461676520616E64207265717565A9
:10F452007374206F66206576657279207261696CBB
:10F462000D0A0D0A202072657175657374202D20B6
:10F4720073746F7265642C206170706C69656420AE
:10F482007768656E207468652072756C657320619B
:10F492006C6C6F770D0A20205B315D203556312070
:10F4A20020205B325D203556322020205B335D20E8
:10F4B200414343312020205B345D20414343320DE0
:10F4C2000A0D0A20206F76657272696465202D200C
:10F4D2006E6F742073746F7265642C206265617440
:10F4E20073207468652072756C65730D0A20205B49
:10F4F200355D204A6574736F6E5F454E2020205B38
:10F50200365D20485452310D0A006661756C747381
:10F51200202D206C6174636865642073656C662DB0
:10F5220074657374206661756C747320616E6420F7
:10F53200726573657420686973746F72790D0A203D
:10F54200205B785D202073656C662D746573742072
:10F552006661756C74732C206C61746368656420D9
:10F56200616E64206C6976650D0A20205B665D2001
:10F5720020726573657420636175736520616E64C2
:10F58200206661756C7420686973746F72790D0AF4
:10F592000D0A2020636C65617273207768617420A4
:10F5A2006120626F6172642063616E6E6F742067A6
:10F5B2006574206261636B0D0A20205B585D202018
:10F5C20061636B6E6F776C656467652065766572E3
:10F5D20079206C617463686564206661756C740D72
:10F5E2000A20205B465D2020636C6561722074688E
:10F5F20065206661756C7420686973746F72790D29
:10F602000A006E766D202D207468652073746F7207
:10F61200656420636F6E66696775726174696F6E87
:10F62200207265636F72640D0A20205B645D202086
:10F6320064756D7020746865207265636F72642CE6
:10F642002072652D726561642066726F6D2045457A
:10F6520050524F4D0D0A20205B775D202077726952
:10F662007465206974206E6F772C20736B697070DB
:10F67200696E672074686520736574746C652061B7
:10F682006E642074686520666C6F6F720D0A0D0AD5
:10F692002020636C65617273207768617420612039
:10F6A200626F6172642063616E6E6F74206765744D
:10F6B200206261636B0D0A20205B4E5D2020636C2B
:10F6C200656172206974202D2064656661756C74B1
:10F6D2007320617420746865206E65787420626F8F
:10F6E2006F740D0A006862202D2068656172746271
:10F6F200656174207761746368646F670D0A202006
:10F702005B485D2020656467652C2070657420610C
:10F712006E64206C6F6E652D6564676520636F751E
:10F722006E746572732C20616E6420746865207338
:10F73200746174650D0A20205B705D2020696E6A19
:10F74200656374206F6E6520706574202861207077
:10F75200756C73652C20736F2074776F20656467F6
:10F762006573290D0A20205B505D2020696E6A6551
:10F772006374206F6E6520737472617920656467AB
:10F78200650D0A0020202D2D2D2D2D2D2D2D2D2DF9
:10F792002D2D2D2D2D2D2D2D2D2D2D2D2D2D2D2D97
:10F7A2002D2D2D2D2D2D2D2D2D2D2D2D2D2D2D2D87
:10F7B2002D2D2D0D0A20205B3F5D206B6579732076
:10F7C20020205B2F5D206D61696E2020205B735DC0
:10F7D200207374617475732020205B525D20726502
:10F7E2007365740D0A0068616E67696E67202D206B
:10F7F200746865207761746368646F672073686FEB
:10F80200756C642072657365742074686520626F1C
:10F8120061726420696E207E38730D0A00696E6A17
:10F8220065637465642061207065742028322065E8
:10F832006467657329202D202748272073686F7716
:10F842007320746865206566666563740D0A0073CB
:10F85200746F72656420636F6E66696720636C659E
:10F8620061726564202D2064656661756C74732015
:10F872006174206E65787420626F6F740D0A000DDA
:10F882000A202062656C6F773A20636F6D70696C35
:10F8920065642D696E2064656661756C74732C20D5
:10F8A2006E6F7420746865207265636F726400699C
:10F8B2006E6A6563746564203120737472617920A5
:10F8C20065646765202D202748272073686F77734A
:10F8D20020746865206566666563740D0A00733B73
:10F8E2002065766572792072756E6E696E67207416
:10F8F200696D656F7574206669726573206F6E63DA
:10F90200650D0A004641494C4544202D2074686526
:10F91200207363616E206E657665722066696E691A
:10F92200736865640D0A007468726573686F6C644D
:10F932007320726573746F72656420746F206465DE
:10F942006661756C74730D0A00756E6B6E6F776EFF
:10F95200206B6579202D207072657373203F2066BD
:10F962006F722068656C700D0A000D0A504D5520AB
:10F9720076332E302E302D313966306166373120A4
:10F9820073746172740D0A00202020206E616D650F
:10F9920020202020202020206E6F7720202020642D
:10F9A20065660D0A00202873746F726564206F6E9D
:10F9B200206E65787420636F6D6D6974290D0A007D
:10F9C20076616C69643D6E6F202864656661756C52
:10F9D200747320696E2075736529006661756C7495
:10F9E20020686973746F727920636C6561726564F3
:10F9F2000D0A0077726974696E672073746F72659D
:10FA02006420636F6E6669670D0A006E766D206210
:10FA1200757379202D2074727920616761696E0D8A
:10FA22000A0066773D332E302E302D313966306133
:10FA3200663731206170693D00206275696C643DF2
:10FA420070726F64756374696F6E0D0A0073656C12
:10FA52006674657374206C6174636865643D3078A4
:10FA6200002C66773D332E302E302D3139663061D1
:10FA720066373100202073746F7265643D70656E65
:10FA820064696E670020286E6F742073746F7265EC
:10FA920064290D0A002020616C6C20646566617522
:10FAA2006C740D0A000D0A202072657120204143FA
:10FAB20043313D00202061677265653D7965730DB4
:10FAC2000A006D73206A756D70656420746F200082
:10FAD200202061677265653D4E4F0D0A0020206D42
:10FAE2006F6469666965640D0A00706D752F6661E1
:10FAF200756C74733E2000202D2077726170732024
:10FB0200696E20006175746F2D7374617475733D35
:10FB120000202073746F7265643D455252002020AC
:10FB220073746F7265643D79657300726573657491
:10FB320074696E670D0A00706D752F7261696C735E
:10FB42003E20006D56286E6F6D696E616C290069EA
:10FB52003263322072656164733D00206C6F6F7096
:10FB6200206C6173743D000D0A2020666C672020B2
:10FB7200307800204A6574736F6E5F49533D0068A8
:10FB82007472325F6F66665F6300706D752F747595
:10FB92006E653E2000706D752F646961673E2000BE
:10FBA2002028726566757365642900616463205458
:10FBB200656D70303D000D0A6F7672204A45543DE6
:10FBC200002F34303935207664643D00206862634A
:10FBD20079636C65733D00666F72636564206F665E
:10FBE20066005352414D535455434B005352414DBD
:10FBF200555053455400687472325F6F6E5F6300F4
:10FC0200686561745F6F6E5F63000D0A20202020BB
:10FC1200202020000D0A20207468722020000D0A86
:10FC22002020726177202000706D752F7261643E12
:10FC32002000706D752F6E766D3E2000726571200A
:10FC4200414343313D0068622065646765733D004E
:10FC520020726571756573743D004A6574736F6EC9
:10FC62005F454E00666F72636564206F6E00766159
:10FC72006C69643D796573002072616E67653D3021
:10FC8200780020565F4A455431323D00464C41537C
:10FC9200484352430053435255425245460053464D
:10FCA20052555053455400657870616E6465720018
:10FCB20072756E5F6F6E5F63007374656164795F06
:10FCC2007300706D752F68623E200020207374618E
:10FCD20074653D006D7320656163683D006D56205B
:10FCE2002063616C3D006D73206F7665723D00206C
:10FCF2006672616D65733D00207772697465733D4C
:10FD020000206C61796F75743D0020736565643DF8
:10FD1200307800206C6976653D3078002062697425
:10FD2200733D30780020706F6C793D307800565FFB
:10FD320041434331323D00434647574F5244004905
:10FD4200324344524F500020697465720D0A006DAF
:10FD52005628444941290020746F74616C3D006D3E
:10FD620073206D696E3D00202D2070696E3D006527
:10FD720076656E74733D0020626F6F74733D00662A
:10FD820076722031783D006D56202032783D006D2C
:10FD920073206D61783D002054656D70313D002007
:10FDA200565F3356333D00626F6F745F7300206C91
:10FDB2006F6E653D002064726F703D0020206864A4
:10FDC200723D0020706574733D0073746B756E66CE
:10FDD2000073746B6F7666006163633D3078002058
:10FDE200485452313D0020414343323D00204854A3
:10FDF20052323D0020484257443D0020565F35565E
:10FE02003D002C7273743D004C41544348004641FE
:10FE1200554C5400666C61736800737475636B00B3
:10FE220074656D70300074656D7031006E766D2092
:10FE32002000706D753E2000206372633D002073C8
:10FE420065713D00206972713D00697465723D0003
:10FE5200206E6F6E65004C45443132004854523179
:10FE6200320048545233340048545235360020355B
:10FE720056313D00204842323D00203556323D0089
:10FE8200204E564D3D00204842503D0020544852DD
:10FE92003D00204F56523D00205253543D004D6FBD
:10FEA20064653D004359434C450054455354007723
:10FEB2006F7264007372616D0064726F70006164CE
:10FEC2006472006269747300706F72740074657397
:10FED20074006C6F6164007261696C004E4F4E4534
:10FEE200004D434C5200485452320048425744009D
:10FEF2004D6F6465006D730D0A00637263200041EB
:10FF0200434331004143433200206F6B3D00206D7B
:10FF1200733D002065763D006175746F006D636C02
:10FF220072003D776173003D6E6F77004854523125
:10FF3200004842313D002049313D002049323D0018
:10FF4200434F4C440050454E4400424F54480041F8
:10FF520055544F0048454154006372630072656610
:10FF620000726567006366670061726700626C6BAE
:10FF72000065787000736672006C617400666C7460
:10FF820000676F740053544B00424F5200504F525F
:10FF920000574454004E564D00484250004F5652AE
:10FFA2000052535400355631003556320042414416
:10FFB20000626F7200706F7200776474002D307887
:10FFC200004D4F4400444546004F4646004D4F4EBB
:10FFD2000052554E004A455400657600575600536C
:10FFE20057005D20006F6B007776007377006D41DC
:0DFFF200004E43004F4B005752003F0000EF
:020000040030CA
:0A0000008CDF67F7EDFFFFFFFFFF45
:00000001FF
